name;id;cost;isValid;isVisible;times;110101;110102;110103;110104;110201;110202;110203;110204;110301;110302;110303;110304;110401;110402;110403;110404;110501;110502;110503;110504;110602;110603;110604;110702;110703;110704;110802;110803;110804;110902;110903;110904;111001;111002;111003;111004;111005;111006;111007;111008;111012;111013;190007;190008
1-1??Ver1.0;10101;8;1;;10;0;-1;-1;-1;"0,2";-1;-1;-1;"0,1";-1;-1;-1;"0,2";-1;-1;-1;"0,3";-1;-1;-1;-1;-1;-1;-1;-1;-1;-1;-1;-1;-1;-1;-1;-1;-1;-1;-1;-1;-1;-1;-1;-1;-1;-1;-1
1-1??Ver1.0;20101;12;1;;11;"1,181818182";-1;-1;-1;"0,090909091";-1;-1;-1;"0,181818182";-1;-1;-1;"0,454545455";-1;-1;-1;0;-1;-1;-1;-1;-1;-1;-1;-1;-1;-1;-1;-1;-1;-1;-1;-1;-1;-1;-1;-1;-1;-1;-1;-1;-1;-1;-1
1-4??Ver1.0;10104;8;1;;10;"0,2";-1;-1;-1;"0,2";-1;-1;-1;"0,2";-1;-1;-1;"0,3";-1;-1;-1;"0,3";-1;-1;-1;-1;-1;-1;-1;-1;-1;-1;-1;-1;-1;-1;-1;-1;-1;-1;-1;-1;-1;-1;-1;-1;-1;-1;-1
1-4??Ver1.0;20104;12;1;;11;"1,181818182";-1;-1;-1;"0,090909091";-1;-1;-1;"0,181818182";-1;-1;-1;"0,454545455";-1;-1;-1;0;-1;-1;-1;-1;-1;-1;-1;-1;-1;-1;-1;-1;-1;-1;-1;-1;-1;-1;-1;-1;-1;-1;-1;-1;-1;-1;-1
1-5??Ver1.0;10105;8;1;;10;"0,2";-1;-1;-1;"0,2";-1;-1;-1;"0,2";-1;-1;-1;"0,3";-1;-1;-1;"0,3";-1;-1;-1;-1;-1;-1;-1;-1;-1;-1;-1;-1;-1;-1;-1;-1;-1;-1;-1;-1;-1;-1;-1;-1;-1;-1;-1
1-5??Ver1.0;20105;12;1;;65;"0,092307692";-1;-1;-1;"0,123076923";-1;-1;-1;"0,107692308";-1;-1;-1;"0,184615385";-1;-1;-1;"2,184615385";-1;-1;-1;-1;-1;-1;-1;-1;-1;-1;-1;-1;-1;-1;-1;-1;-1;-1;-1;-1;-1;-1;-1;-1;-1;-1;-1
1-6??Ver1.0;10106;8;1;;16;"0,3125";-1;-1;-1;"0,25";-1;-1;-1;"0,125";-1;-1;-1;"0,25";-1;-1;-1;"0,3125";-1;-1;-1;-1;-1;-1;-1;-1;-1;-1;-1;-1;-1;-1;-1;-1;-1;-1;-1;-1;-1;-1;-1;-1;-1;-1;-1
1-6??Ver1.0;20106;12;1;;73;"0,082191781";-1;-1;-1;"0,068493151";-1;-1;-1;"0,109589041";-1;-1;-1;"1,97260274";-1;-1;-1;"0,260273973";-1;-1;-1;-1;-1;-1;-1;-1;-1;-1;-1;-1;-1;-1;-1;-1;-1;-1;-1;-1;-1;-1;-1;-1;-1;-1;-1
1-7??Ver1.0;10107;10;1;;12;"0,25";-1;-1;-1;0;-1;-1;-1;"0,333333333";-1;-1;-1;"0,333333333";-1;-1;-1;"0,25";-1;-1;-1;-1;-1;-1;-1;-1;-1;-1;-1;-1;-1;-1;-1;-1;-1;-1;-1;-1;-1;-1;-1;-1;-1;-1;-1
1-7??Ver1.0;20107;12;1;;10;0;-1;-1;-1;"0,1";-1;-1;-1;"1,8";-1;-1;-1;"0,3";-1;-1;-1;0;"0,2";-1;-1;-1;-1;-1;-1;-1;-1;-1;-1;-1;-1;-1;-1;-1;-1;-1;-1;-1;-1;-1;-1;-1;-1;-1;-1
1-8??Ver1.0;10108;10;1;;1071;-1;-1;-1;-1;"0,000933707";-1;-1;-1;"0,000933707";-1;-1;-1;"0,001867414";-1;-1;-1;-1;-1;-1;-1;-1;-1;-1;-1;-1;-1;-1;-1;-1;-1;-1;-1;-1;-1;-1;-1;-1;-1;-1;-1;-1;-1;-1;-1
1-8??Ver1.0;20108;12;1;;1072;-1;-1;-1;-1;0;-1;-1;-1;"0,002798507";-1;-1;-1;0;-1;-1;-1;"0,000932836";-1;-1;-1;-1;-1;-1;-1;-1;-1;-1;-1;-1;-1;-1;-1;-1;-1;-1;-1;-1;-1;-1;-1;-1;-1;-1;-1
1-11??Ver1.0;10111;10;1;;1081;-1;-1;-1;-1;"0,000925069";-1;-1;-1;0;-1;-1;-1;"0,000925069";-1;-1;-1;-1;-1;-1;-1;-1;-1;-1;-1;-1;-1;-1;-1;-1;-1;-1;-1;-1;-1;-1;-1;-1;-1;-1;-1;-1;-1;-1;-1
1-11??Ver1.0;20111;12;1;;1082;-1;-1;-1;-1;"0,001848429";-1;-1;-1;"0,002772643";-1;-1;-1;"0,006469501";-1;-1;-1;"0,012014787";-1;-1;-1;-1;-1;-1;-1;-1;-1;-1;-1;-1;-1;-1;-1;-1;-1;-1;-1;-1;-1;-1;-1;-1;-1;-1;-1
1-12??Ver1.0;10112;10;1;;1111;-1;-1;-1;-1;"0,00180018";-1;-1;-1;"0,00360036";-1;-1;-1;"0,00720072";-1;-1;-1;-1;-1;-1;-1;-1;-1;-1;-1;-1;-1;-1;-1;-1;-1;-1;-1;-1;-1;-1;-1;-1;-1;-1;-1;-1;-1;-1;-1
1-12??Ver1.0;20112;12;1;;1112;-1;-1;-1;-1;"0,023381295";-1;-1;-1;"0,017985612";-1;-1;-1;"0,03057554";-1;-1;-1;"0,029676259";-1;-1;-1;-1;-1;-1;-1;-1;-1;-1;-1;-1;-1;-1;-1;-1;-1;-1;-1;-1;-1;-1;-1;-1;-1;-1;-1
1-14??Ver1.0;10114;10;1;;1121;-1;-1;-1;-1;"0,008920607";-1;-1;-1;"0,02676182";-1;-1;-1;"0,004460303";-1;-1;-1;-1;-1;-1;-1;-1;-1;-1;-1;-1;-1;-1;-1;-1;-1;-1;-1;-1;-1;-1;-1;-1;-1;-1;-1;-1;-1;-1;-1
1-14??Ver1.0;20114;12;1;;1122;-1;-1;-1;-1;"0,013368984";-1;-1;-1;"0,011586453";-1;-1;-1;"0,010695187";-1;-1;-1;"0,024955437";-1;-1;-1;-1;-1;-1;-1;-1;-1;-1;-1;-1;-1;-1;-1;-1;-1;-1;-1;-1;-1;-1;-1;-1;-1;-1;-1
1-15??Ver1.0;10115;10;1;;1141;-1;-1;-1;-1;"0,002629273";-1;-1;-1;"0,003505697";-1;-1;-1;"0,002629273";-1;-1;-1;-1;-1;-1;-1;-1;-1;-1;-1;-1;-1;-1;-1;-1;-1;-1;-1;-1;-1;-1;-1;-1;-1;-1;-1;-1;-1;-1;-1
1-15??Ver1.0;20115;12;1;;1142;-1;-1;-1;-1;"0,016637478";-1;-1;-1;"0,017513135";-1;-1;-1;"0,023642732";-1;-1;-1;"0,025394046";-1;-1;-1;-1;-1;-1;-1;-1;-1;-1;-1;-1;-1;-1;-1;-1;-1;-1;-1;-1;-1;-1;-1;-1;-1;-1;-1
1-16??Ver1.0;10116;10;1;;1151;-1;-1;-1;-1;"0,00086881";-1;-1;-1;"0,00086881";-1;-1;-1;0;-1;-1;-1;-1;-1;-1;-1;-1;-1;-1;-1;-1;-1;-1;-1;-1;-1;-1;-1;-1;-1;-1;-1;-1;-1;-1;-1;-1;-1;-1;-1
1-16??Ver2.6;20116;14;1;;1152;-1;-1;-1;-1;-1;-1;-1;-1;-1;"0,006076389";-1;-1;-1;"0,006944444";-1;-1;0;"0,016493056";-1;-1;"0,008680556";-1;-1;0;-1;-1;0;-1;-1;0;-1;-1;-1;-1;-1;-1;-1;-1;-1;-1;-1;-1;-1;-1
2-1??Ver1.0;10201;10;1;;1161;-1;-1;-1;-1;0;-1;-1;-1;0;-1;-1;-1;0;-1;-1;-1;-1;-1;-1;-1;-1;-1;-1;-1;-1;-1;-1;-1;-1;-1;-1;-1;-1;-1;-1;-1;-1;-1;-1;-1;-1;-1;-1;-1
2-1??Ver2.6;10201;10;1;;1162;-1;-1;-1;-1;-1;0;-1;-1;-1;0;-1;-1;-1;0;-1;-1;-1;0;-1;-1;0;-1;-1;0;-1;-1;0;-1;-1;-1;-1;-1;-1;-1;-1;-1;-1;-1;-1;-1;-1;-1;-1;-1
2-1??Ver2.6;20201;14;1;;2011;-1;-1;-1;-1;-1;-1;-1;-1;-1;"0,001491795";-1;-1;-1;"0,000497265";-1;-1;-1;0;-1;-1;0;-1;-1;0;-1;-1;0;-1;-1;0;-1;-1;-1;-1;-1;-1;-1;-1;-1;-1;-1;-1;-1;-1
2-3??Ver1.0;10203;10;1;;4;0;-1;-1;-1;"0,25";-1;-1;-1;"0,75";-1;-1;-1;"0,25";-1;-1;-1;"0,25";-1;-1;-1;-1;-1;-1;-1;-1;-1;-1;-1;-1;-1;-1;-1;-1;-1;-1;-1;-1;-1;-1;-1;-1;-1;-1;-1
2-3??Ver1.4;20203;16;0;1;3821;-1;"0,021198639";-1;-1;-1;"0,022507197";-1;-1;-1;"0,025909448";-1;-1;"1,665794295";"0,03768647";"0,345459304";-1;-1;"0,046584664";-1;-1;"0,021722062";-1;-1;"0,018319812";-1;-1;-1;-1;-1;-1;-1;-1;-1;-1;-1;-1;-1;-1;-1;-1;-1;-1;-1;-1
2-3??Ver2.6;20203;16;1;;167;-1;"0,011976048";-1;-1;-1;"0,011976048";-1;-1;-1;"0,023952096";-1;-1;"1,616766467";"0,017964072";"0,347305389";-1;-1;"0,023952096";-1;-1;"0,02994012";-1;-1;"0,005988024";-1;-1;"0,035928144";-1;-1;"0,083832335";-1;-1;-1;-1;-1;-1;-1;-1;-1;-1;-1;-1;-1;-1
2-4??Ver1.0;10204;12;1;;2;0;-1;-1;-1;1;-1;-1;-1;0;-1;-1;-1;"0,5";-1;-1;-1;"0,5";-1;-1;-1;-1;-1;-1;-1;-1;-1;-1;-1;-1;-1;-1;-1;-1;-1;-1;-1;-1;-1;-1;-1;-1;-1;-1;-1
2-4??Ver1.0;20204;16;1;;81;"0,185185185";-1;-1;-1;"0,209876543";-1;-1;-1;"0,160493827";"0,691358025";-1;-1;"0,234567901";"0,518518519";-1;-1;"0,185185185";-1;-1;-1;-1;-1;-1;-1;-1;-1;-1;-1;-1;-1;-1;-1;-1;-1;-1;-1;-1;-1;-1;-1;-1;-1;-1;-1
2-5??Ver1.0;10205;12;1;;4;0;-1;-1;-1;0;-1;-1;-1;0;-1;-1;-1;"1,25";-1;-1;-1;0;-1;-1;-1;-1;-1;-1;-1;-1;-1;-1;-1;-1;-1;-1;-1;-1;-1;-1;-1;-1;-1;-1;-1;-1;-1;-1;-1
2-5??Ver1.0;20205;16;1;;60;"0,066666667";-1;-1;-1;"0,133333333";-1;-1;-1;"0,183333333";-1;-1;-1;"0,283333333";"0,75";-1;-1;"0,25";"0,733333333";-1;-1;-1;-1;-1;-1;-1;-1;-1;-1;-1;-1;-1;-1;-1;-1;-1;-1;-1;-1;-1;-1;-1;-1;-1;-1
2-6??Ver1.0;10206;12;1;;5;"0,8";-1;-1;-1;0;-1;-1;-1;0;-1;-1;-1;"0,2";-1;-1;-1;"0,2";-1;-1;-1;-1;-1;-1;-1;-1;-1;-1;-1;-1;-1;-1;-1;-1;-1;-1;-1;-1;-1;-1;-1;-1;-1;-1;-1
2-6??Ver1.9;20206;16;0;1;3370;-1;"0,01810089";-1;-1;-1;"0,020771513";-1;-1;-1;"0,027299703";-1;-1;-1;"0,042136499";-1;-1;"1,984272997";"0,039762611";"0,458456973";-1;"0,023442136";-1;-1;"0,020178042";-1;-1;"0,021661721";-1;-1;-1;-1;-1;-1;-1;-1;-1;-1;-1;-1;-1;-1;-1;-1;-1
2-6??Ver2.6;20206;16;1;;1190;-1;"0,016806723";-1;-1;-1;"0,01512605";-1;-1;-1;"0,025210084";-1;-1;-1;"0,029411765";-1;-1;"1,993277311";"0,031932773";"0,46302521";-1;"0,021848739";-1;-1;"0,01512605";-1;-1;"0,018487395";-1;-1;"0,024369748";-1;-1;-1;-1;-1;-1;-1;-1;-1;-1;-1;-1;-1;-1
2-8??Ver2.6;10208;12;1;;0;-1;0;-1;-1;-1;0;-1;-1;-1;0;-1;-1;-1;0;-1;-1;-1;0;-1;-1;0;-1;-1;0;-1;-1;0;-1;-1;0;-1;-1;-1;-1;-1;-1;-1;-1;-1;-1;-1;-1;-1;-1
2-8??Ver1.9;20208;16;0;1;776;-1;"0,016752577";-1;-1;-1;"0,024484536";-1;-1;"1,585051546";"0,039948454";"0,300257732";-1;-1;"0,028350515";-1;-1;-1;"0,042525773";-1;-1;"0,033505155";-1;-1;"0,024484536";-1;-1;"0,016752577";-1;-1;-1;-1;-1;-1;-1;-1;-1;-1;-1;-1;-1;-1;-1;-1;-1
2-8??Ver2.6;20208;16;1;;312;-1;"0,019230769";-1;-1;-1;"0,022435897";-1;-1;"1,608974359";"0,028846154";"0,310897436";-1;-1;"0,025641026";-1;-1;-1;"0,038461538";-1;-1;"0,03525641";-1;-1;"0,006410256";-1;-1;"0,006410256";-1;-1;"0,006410256";-1;-1;-1;-1;-1;-1;-1;-1;-1;-1;-1;-1;-1;-1
2-9??Ver2.6;10209;12;1;;0;0;0;-1;-1;0;0;-1;-1;0;0;-1;-1;0;0;-1;-1;0;0;-1;-1;0;-1;-1;0;-1;-1;0;-1;-1;0;-1;-1;-1;-1;-1;-1;-1;-1;-1;-1;-1;-1;-1;-1
2-9??Ver1.0;20209;16;1;;217;-1;-1;-1;-1;1;-1;"0,253456221";-1;-1;-1;-1;-1;-1;-1;-1;-1;"0,67281106";"0,147465438";-1;-1;-1;-1;-1;-1;-1;-1;-1;-1;-1;-1;-1;-1;-1;-1;-1;-1;-1;-1;-1;-1;-1;-1;-1;-1
2-10??Ver2.6;10210;12;1;;0;0;0;-1;-1;0;0;-1;-1;0;0;-1;-1;0;0;-1;-1;0;0;-1;-1;0;-1;-1;0;-1;-1;0;-1;-1;0;-1;-1;-1;-1;-1;-1;-1;-1;-1;-1;-1;-1;-1;-1
2-10??Ver1.0;20210;16;1;;55;"0,127272727";-1;-1;-1;"0,127272727";"0,654545455";-1;-1;"0,181818182";"0,327272727";-1;-1;"0,290909091";-1;-1;-1;"0,363636364";-1;-1;-1;-1;-1;-1;-1;-1;-1;-1;-1;-1;-1;-1;-1;-1;-1;-1;-1;-1;-1;-1;-1;-1;-1;-1;-1
2-11??Ver1.0;10211;12;1;;1;0;-1;-1;-1;0;-1;-1;-1;0;-1;-1;-1;1;-1;-1;-1;0;-1;-1;-1;-1;-1;-1;-1;-1;-1;-1;-1;-1;-1;-1;-1;-1;-1;-1;-1;-1;-1;-1;-1;-1;-1;-1;-1
2-11??Ver2.6;20211;16;1;;0;0;0;-1;-1;0;0;-1;-1;0;0;-1;-1;0;0;-1;-1;0;0;-1;-1;0;-1;-1;0;-1;-1;0;-1;-1;0;-1;-1;-1;-1;-1;-1;-1;-1;-1;-1;-1;-1;-1;-1
2-12??Ver2.6;10212;12;1;;0;0;0;-1;-1;0;0;-1;-1;0;0;-1;-1;0;0;-1;-1;0;0;-1;-1;0;-1;-1;0;-1;-1;0;-1;-1;0;-1;-1;0;-1;-1;-1;-1;-1;-1;-1;-1;-1;-1;-1
2-12??Ver1.0;20212;18;0;1;1940;"0,986082474";"0,027319588";"0,286082474";-1;-1;"0,032989691";-1;-1;-1;"0,037628866";-1;-1;-1;"0,053608247";-1;-1;-1;"0,05257732";-1;-1;-1;-1;-1;-1;-1;-1;-1;-1;-1;-1;-1;-1;-1;-1;-1;-1;-1;-1;-1;-1;-1;-1;-1;-1
2-12??Ver2.6;20212;18;1;;167;"0,958083832";"0,011976048";"0,28742515";-1;-1;"0,011976048";-1;-1;-1;"0,017964072";-1;-1;-1;"0,023952096";-1;-1;-1;"0,023952096";-1;-1;"0,017964072";-1;-1;"0,017964072";-1;-1;"0,011976048";-1;-1;"0,011976048";-1;-1;-1;-1;-1;-1;-1;-1;-1;-1;-1;-1;-1;-1
2-13??Ver2.6;10213;14;1;;0;0;0;-1;-1;0;0;-1;-1;0;0;-1;-1;0;0;-1;-1;0;0;-1;-1;0;-1;-1;0;-1;-1;0;-1;-1;0;-1;-1;-1;-1;-1;-1;-1;-1;-1;-1;-1;-1;-1;-1
2-13??Ver1.0;20213;18;1;;37;"0,108108108";"0,594594595";-1;-1;"0,027027027";"0,567567568";-1;-1;"0,081081081";-1;-1;-1;"0,162162162";-1;-1;-1;"0,108108108";-1;-1;-1;-1;-1;-1;-1;-1;-1;-1;-1;-1;-1;-1;-1;-1;-1;-1;-1;-1;-1;-1;-1;-1;-1;-1;-1
2-14??Ver2.6;10214;14;1;;0;0;0;-1;-1;0;0;-1;-1;0;0;-1;-1;0;0;-1;-1;0;0;-1;-1;0;-1;-1;0;-1;-1;0;-1;-1;0;-1;-1;-1;-1;-1;-1;-1;-1;-1;-1;-1;-1;-1;-1
2-14??Ver2.6;20214;18;1;;0;0;0;-1;-1;0;0;-1;-1;0;0;-1;-1;0;0;-1;-1;0;0;-1;-1;0;-1;-1;0;-1;-1;0;-1;-1;0;-1;-1;-1;-1;-1;-1;-1;-1;-1;-1;-1;-1;-1;-1
3-3??Ver1.4;10303;14;0;1;904;0;"0,01880531";-1;-1;0;"0,024336283";-1;-1;0;"0,026548673";-1;-1;"0,735619469";"0,038716814";-1;-1;0;"0,038716814";-1;-1;"0,029867257";"0,255530973";-1;"0,017699115";-1;-1;-1;-1;-1;-1;-1;-1;-1;-1;-1;-1;-1;-1;-1;-1;-1;-1;-1;-1
3-3??Ver2.6;10303;14;1;;49;0;"0,020408163";-1;-1;0;"0,020408163";-1;-1;0;"0,020408163";-1;-1;"0,755102041";0;-1;-1;0;"0,040816327";-1;-1;"0,020408163";"0,244897959";-1;"0,020408163";-1;-1;"0,020408163";-1;-1;"0,040816327";-1;-1;-1;-1;-1;-1;-1;-1;-1;-1;-1;-1;-1;-1
3-3??Ver1.0;20303;18;1;;527;-1;-1;-1;-1;-1;-1;-1;-1;-1;-1;-1;-1;"0,709677419";-1;-1;-1;"1,358633776";"0,252371917";-1;-1;-1;-1;-1;-1;-1;-1;-1;-1;-1;-1;-1;-1;-1;"0,233396584";-1;-1;-1;-1;-1;-1;-1;-1;-1;-1
3-5??Ver2.6;10305;14;1;;0;0;0;-1;-1;0;0;-1;-1;0;0;-1;-1;0;0;-1;-1;0;0;-1;-1;0;-1;-1;0;-1;-1;0;-1;-1;0;-1;-1;-1;-1;-1;-1;-1;-1;-1;-1;-1;-1;-1;-1
3-5??Ver1.0;20305;18;1;;160;"0,075";-1;-1;-1;"0,03125";-1;-1;-1;"0,0625";-1;-1;-1;"1,50625";"0,39375";-1;-1;"0,14375";-1;-1;-1;-1;-1;-1;-1;-1;-1;-1;-1;-1;-1;-1;-1;"0,4625";-1;-1;-1;-1;-1;-1;-1;-1;-1;-1;-1
3-6??Ver2.6;10306;14;1;;0;0;0;-1;-1;0;0;-1;-1;0;0;-1;-1;0;0;-1;-1;0;0;-1;-1;0;-1;-1;0;-1;-1;0;-1;-1;0;-1;-1;-1;-1;-1;-1;-1;-1;-1;-1;-1;-1;-1;-1
3-6??Ver2.6;20306;18;1;;0;0;0;-1;-1;0;0;-1;-1;0;0;-1;-1;0;0;-1;-1;0;0;-1;-1;0;-1;-1;0;-1;-1;0;-1;-1;0;-1;-1;-1;-1;-1;-1;-1;-1;-1;-1;-1;-1;-1;-1
3-7??Ver2.6;10307;14;1;;0;0;0;-1;-1;0;0;-1;-1;0;0;-1;-1;0;0;-1;-1;0;0;-1;-1;0;-1;-1;0;-1;-1;0;-1;-1;0;-1;-1;0;-1;-1;-1;-1;-1;-1;-1;-1;-1;-1;-1
3-7??Ver1.0;20307;18;1;;1768;"0,571266968";"0,21719457";-1;-1;-1;-1;-1;-1;"0,657239819";-1;"0,332013575";-1;-1;-1;-1;-1;-1;-1;-1;-1;-1;-1;-1;-1;-1;-1;-1;-1;-1;-1;-1;-1;-1;-1;-1;-1;-1;-1;-1;-1;-1;-1;-1;-1
3-8??Ver2.6;10308;14;1;;0;0;0;-1;-1;0;0;-1;-1;0;0;-1;-1;0;0;-1;-1;0;0;-1;-1;0;-1;-1;0;-1;-1;0;-1;-1;0;-1;-1;-1;-1;-1;-1;-1;-1;-1;-1;-1;-1;-1;-1
3-8??Ver1.0;20308;18;1;;1263;-1;-1;-1;-1;-1;-1;-1;-1;"1,185273159";"0,311955661";-1;-1;"0,648456057";-1;"0,349168646";-1;-1;-1;-1;-1;-1;-1;-1;-1;-1;-1;-1;-1;-1;-1;-1;-1;-1;-1;-1;-1;-1;-1;-1;-1;-1;-1;-1;-1
3-9??Ver1.4;10309;14;0;1;684;0;"0,019005848";-1;-1;0;"0,026315789";-1;-1;0;"0,027777778";-1;-1;0;"0,030701754";-1;-1;"0,742690058";"0,045321637";-1;-1;"0,01754386";-1;-1;"0,016081871";"0,25";-1;-1;-1;-1;-1;-1;-1;-1;-1;-1;-1;-1;-1;-1;-1;-1;-1;-1;-1
3-9??Ver2.6;10309;14;1;;45;0;"0,044444444";-1;-1;0;"0,022222222";-1;-1;0;"0,022222222";-1;-1;0;"0,066666667";-1;-1;"0,844444444";"0,088888889";-1;-1;"0,022222222";-1;-1;"0,022222222";"0,2";-1;0;-1;-1;"0,022222222";-1;-1;-1;-1;-1;-1;-1;-1;-1;-1;-1;-1;-1;-1
3-9??Ver1.0;20309;18;0;1;966;-1;"0,02484472";-1;-1;-1;"0,036231884";-1;-1;"0,004140787";"0,039337474";-1;-1;-1;"0,536231884";-1;-1;"0,505175983";"0,059006211";"0,47515528";-1;-1;-1;-1;-1;-1;-1;-1;-1;-1;-1;-1;-1;-1;-1;-1;-1;-1;-1;-1;-1;-1;-1;-1;-1
3-9??Ver2.6;20309;18;1;;148;0;"0,027027027";-1;-1;0;"0,033783784";-1;-1;0;"0,033783784";-1;-1;0;"0,540540541";-1;-1;"0,581081081";"0,040540541";"0,418918919";-1;"0,013513514";-1;-1;"0,006756757";-1;-1;"0,013513514";-1;-1;"0,013513514";-1;-1;-1;-1;-1;-1;-1;-1;-1;-1;-1;-1;-1;-1
3-11??Ver2.6;10311;14;1;;0;0;0;-1;-1;0;0;-1;-1;0;0;-1;-1;0;0;-1;-1;0;0;-1;-1;0;-1;-1;0;-1;-1;0;-1;-1;0;-1;-1;-1;-1;-1;-1;-1;-1;-1;-1;-1;-1;-1;-1
3-11??Ver1.0;20311;18;1;;2868;-1;-1;-1;-1;"0,387029289";"0,121687587";-1;-1;-1;-1;-1;-1;-1;-1;-1;-1;"0,675732218";-1;-1;-1;-1;-1;-1;-1;-1;-1;-1;-1;-1;-1;-1;-1;-1;"0,307182706";-1;-1;-1;-1;-1;-1;-1;-1;-1;-1
3-13??Ver2.6;10313;14;1;;0;0;0;-1;-1;0;0;-1;-1;0;0;-1;-1;0;0;-1;-1;0;0;-1;-1;0;-1;-1;0;-1;-1;0;-1;-1;0;-1;-1;-1;-1;-1;-1;-1;-1;-1;-1;-1;-1;-1;-1
3-13??Ver1.0;20313;18;1;;6120;-1;-1;-1;-1;"0,679084967";"0,137581699";"0,341176471";-1;-1;-1;-1;-1;-1;-1;-1;-1;-1;-1;-1;"0,022712418";-1;-1;-1;-1;-1;-1;-1;-1;-1;-1;-1;-1;-1;-1;-1;-1;-1;-1;-1;-1;-1;-1;-1;-1
3-15??Ver1.9;10315;14;0;1;3318;0;"0,017781796";-1;-1;0;"0,021699819";-1;-1;"0,80952381";"0,032851115";-1;-1;0;"0,036769138";-1;-1;0;"0,041289934";-1;-1;"0,026220615";-1;-1;"0,02079566";-1;-1;"0,016576251";-1;-1;-1;-1;-1;-1;-1;-1;-1;-1;-1;-1;-1;"0,208860759";-1;-1;-1
3-15??Ver2.6;10315;14;1;;2424;"0,011138614";"0,018976898";-1;-1;"0,000412541";"0,021452145";-1;-1;"0,782590759";"0,028877888";-1;-1;"0,000825083";"0,034240924";-1;-1;"0,001237624";"0,038366337";-1;-1;"0,018976898";-1;-1;"0,01980198";-1;-1;"0,021452145";-1;-1;"0,019389439";-1;-1;-1;-1;-1;-1;-1;-1;-1;-1;"0,200907591";-1;-1;-1
3-15??Ver2.6;20315;18;1;;14;"0,071428571";"0,071428571";-1;-1;"0,142857143";0;-1;-1;"0,142857143";0;-1;-1;"1,214285714";"1,214285714";-1;-1;"0,142857143";0;-1;-1;"0,142857143";-1;-1;"0,071428571";-1;-1;0;-1;-1;"0,142857143";-1;-1;-1;-1;-1;-1;-1;-1;-1;-1;-1;-1;-1;-1
4-3??Ver2.6;10403;16;1;;900;"0,056666667";-1;-1;-1;"0,388888889";"0,145555556";-1;-1;"0,087777778";-1;-1;-1;"0,805555556";-1;-1;-1;"0,13";-1;-1;-1;-1;-1;-1;-1;-1;-1;-1;-1;-1;-1;"0,27";-1;-1;-1;-1;-1;-1;-1;-1;-1;-1;-1;-1;-1
4-3??Ver2.6;20403;18;1;;4;0;"0,75";-1;-1;0;"0,25";-1;-1;0;"0,25";-1;-1;0;"0,5";-1;-1;0;"0,25";-1;-1;0;-1;-1;0;-1;-1;0;-1;-1;0;-1;-1;-1;-1;-1;-1;-1;-1;-1;-1;-1;-1;-1;-1
4-4??Ver1.9;10404;16;0;1;4796;"0,014595496";"0,019808173";-1;-1;"0,001251043";"0,023561301";-1;-1;"0,699958299";"0,031067556";-1;-1;0;"0,038782319";-1;-1;"0,004795663";"0,040033361";-1;-1;"0,020850709";-1;-1;"0,015429525";-1;-1;"0,019391159";"0,276063386";-1;-1;-1;-1;-1;-1;-1;-1;-1;-1;-1;-1;-1;-1;-1;-1
4-4??Ver2.6;10404;16;1;;1811;"0,006073992";"0,020430701";-1;-1;0;"0,021535064";-1;-1;"0,694643843";"0,029265599";-1;-1;"0,000552181";"0,036996135";-1;-1;"0,011043622";"0,036996135";-1;-1;"0,016565433";-1;-1;"0,017117615";-1;-1;"0,016013252";"0,279955826";-1;"0,020982882";-1;-1;-1;-1;-1;-1;-1;-1;-1;-1;-1;-1;-1;-1
4-4??Ver1.0;20404;18;1;;113;-1;"0,646017699";-1;-1;-1;-1;-1;-1;-1;-1;-1;-1;-1;-1;-1;-1;"0,707964602";"0,884955752";-1;-1;-1;-1;-1;-1;-1;-1;-1;-1;-1;-1;-1;-1;-1;-1;-1;-1;-1;-1;-1;-1;-1;-1;-1;-1
4-5??Ver2.6;10405;16;1;;0;0;0;-1;-1;0;0;-1;-1;0;0;-1;-1;0;0;-1;-1;0;0;-1;-1;0;-1;-1;0;-1;-1;0;-1;-1;0;-1;-1;-1;-1;-1;-1;-1;-1;-1;-1;-1;-1;-1;-1
4-5??Ver1.0;20405;18;1;;105;-1;-1;-1;-1;"0,333333333";"0,704761905";-1;-1;-1;-1;-1;-1;"0,714285714";"0,685714286";-1;-1;-1;-1;-1;-1;-1;-1;-1;-1;-1;-1;-1;-1;-1;-1;-1;-1;-1;-1;-1;-1;-1;-1;-1;-1;-1;-1;-1;-1
4-6??Ver1.4;10406;16;1;;338;-1;-1;-1;-1;-1;-1;-1;-1;-1;-1;-1;-1;-1;-1;-1;-1;"1,431952663";"0,136094675";-1;-1;-1;-1;-1;-1;"0,266272189";-1;-1;-1;-1;-1;-1;-1;-1;-1;-1;-1;-1;-1;-1;-1;-1;-1;-1;-1
4-6??Ver2.6;20406;18;1;;0;0;0;-1;-1;0;0;-1;-1;0;0;-1;-1;0;0;-1;-1;0;0;-1;-1;0;-1;-1;0;-1;-1;0;-1;-1;0;-1;-1;-1;-1;-1;-1;-1;-1;-1;-1;-1;-1;-1;-1
4-10??Ver2.6;10410;16;1;;0;0;0;-1;-1;0;0;-1;-1;0;0;-1;-1;0;0;-1;-1;0;0;-1;-1;0;-1;-1;0;-1;-1;0;-1;-1;0;-1;-1;-1;-1;-1;-1;-1;-1;-1;-1;-1;-1;-1;-1
4-10??Ver1.0;20410;18;0;1;3755;-1;"0,030625832";"0,281491345";-1;-1;"0,036218375";-1;-1;-1;"0,038082557";-1;-1;"0,702263648";"0,542743009";-1;-1;-1;"0,056990679";-1;-1;-1;-1;-1;-1;-1;-1;-1;-1;-1;-1;-1;-1;-1;-1;-1;-1;-1;-1;-1;-1;-1;-1;-1;-1
4-10??Ver2.6;20410;18;1;;125;-1;"0,016";"0,288";-1;-1;"0,048";-1;-1;-1;"0,008";-1;-1;"0,72";"0,472";-1;-1;-1;"0,016";-1;-1;"0,016";-1;-1;"0,024";-1;-1;"0,056";-1;-1;"0,016";-1;-1;-1;-1;-1;-1;-1;-1;-1;-1;-1;-1;-1;-1
4-11??Ver2.6;10411;16;1;;0;0;0;-1;-1;0;0;-1;-1;0;0;-1;-1;0;0;-1;-1;0;0;-1;-1;0;-1;-1;0;-1;-1;0;-1;-1;0;-1;-1;-1;-1;-1;-1;-1;-1;-1;-1;-1;-1;-1;-1
4-11??Ver1.0;20411;18;1;;515;-1;-1;-1;-1;-1;-1;-1;-1;"1,137864078";"0,337864078";-1;-1;-1;-1;-1;-1;"0,537864078";-1;"0,434951456";-1;-1;-1;-1;-1;-1;-1;-1;-1;-1;-1;-1;-1;-1;-1;-1;-1;-1;-1;-1;-1;-1;-1;-1;-1
4-13??Ver1.0;10413;16;1;;16;"0,3125";"0,6875";-1;-1;"0,3125";-1;-1;-1;"0,5";"0,125";-1;-1;"0,1875";-1;-1;-1;"0,125";-1;-1;-1;-1;-1;-1;-1;-1;-1;-1;-1;-1;-1;-1;-1;-1;-1;-1;-1;-1;-1;-1;-1;-1;-1;-1;-1
4-13??Ver1.0;20413;18;1;;479;-1;-1;-1;-1;"0,797494781";"0,204592902";-1;-1;-1;-1;-1;-1;"0,649269311";-1;"0,348643006";-1;-1;-1;-1;-1;-1;-1;-1;-1;-1;-1;-1;-1;-1;-1;-1;-1;-1;-1;-1;-1;-1;-1;-1;-1;-1;-1;-1;-1
4-16??Ver2.6;10416;16;1;;0;0;0;-1;-1;0;0;-1;-1;0;0;-1;-1;0;0;-1;-1;0;0;-1;-1;0;-1;-1;0;-1;-1;0;-1;-1;0;-1;-1;-1;-1;-1;-1;-1;-1;-1;-1;-1;-1;-1;-1
4-16??Ver2.6;20416;18;1;;0;0;0;-1;-1;0;0;-1;-1;0;0;-1;-1;0;0;-1;-1;0;0;-1;-1;0;-1;-1;0;-1;-1;0;-1;-1;0;-1;-1;-1;-1;-1;-1;-1;-1;-1;-1;-1;-1;-1;-1
4-18??Ver1.4;10418;16;1;;880;-1;-1;-1;-1;"0,371590909";"0,138636364";-1;-1;-1;-1;-1;-1;"0,688636364";-1;-1;-1;-1;-1;-1;-1;-1;"0,294318182";-1;-1;-1;-1;-1;-1;-1;-1;-1;-1;-1;-1;-1;-1;-1;-1;-1;-1;-1;-1;-1;-1
4-18??Ver2.6;20418;18;1;;0;0;0;-1;-1;0;0;-1;-1;0;0;-1;-1;0;0;-1;-1;0;0;-1;-1;0;-1;-1;0;-1;-1;0;-1;-1;0;-1;-1;-1;-1;-1;-1;-1;-1;-1;-1;-1;-1;-1;-1
4-20??Ver2.6;10420;16;1;;4;0;0;-1;-1;0;0;-1;-1;"0,75";0;-1;-1;0;0;-1;-1;"2,25";"0,75";-1;-1;0;-1;-1;0;-1;-1;0;-1;-1;0;-1;-1;-1;-1;-1;-1;-1;-1;-1;-1;-1;-1;-1;-1
4-20??Ver1.0;20420;18;1;;8578;-1;-1;-1;-1;-1;-1;-1;-1;"0,657029611";-1;"0,340405689";-1;-1;-1;-1;-1;"2,084868268";"0,436465377";-1;-1;-1;-1;-1;-1;-1;-1;-1;-1;-1;-1;-1;-1;-1;-1;-1;-1;-1;-1;-1;-1;-1;-1;-1;-1
4-21??Ver1.0;10421;16;1;;51;"0,62745098";"0,215686275";-1;-1;-1;-1;-1;-1;-1;-1;-1;-1;-1;-1;-1;-1;-1;-1;-1;-1;-1;-1;-1;-1;-1;-1;-1;-1;-1;-1;-1;-1;"0,431372549";-1;-1;-1;-1;-1;-1;-1;-1;-1;-1;-1
4-21??Ver1.0;20421;18;1;;794;"0,607052897";"0,210327456";-1;-1;"0,69395466";-1;"0,299748111";-1;-1;-1;-1;-1;-1;-1;-1;-1;-1;-1;-1;-1;-1;-1;-1;-1;-1;-1;-1;-1;-1;-1;-1;-1;-1;-1;-1;-1;-1;-1;-1;-1;-1;-1;-1;-1
5-2??Ver2.6;10502;18;1;;0;0;0;-1;-1;0;0;-1;-1;0;0;-1;-1;0;0;-1;-1;0;0;-1;-1;0;-1;-1;0;-1;-1;0;-1;-1;0;-1;-1;-1;-1;-1;-1;-1;-1;-1;-1;-1;-1;-1;-1
5-2??Ver2.6;20502;18;1;;0;0;0;-1;-1;0;0;-1;-1;0;0;-1;-1;0;0;-1;-1;0;0;-1;-1;0;-1;-1;0;-1;-1;0;-1;-1;0;-1;-1;-1;-1;-1;-1;-1;-1;-1;-1;-1;-1;-1;-1
5-3??Ver2.6;10503;18;1;;0;0;0;-1;-1;0;0;-1;-1;0;0;-1;-1;0;0;-1;-1;0;0;-1;-1;0;-1;-1;0;-1;-1;0;-1;-1;0;-1;-1;-1;-1;-1;-1;-1;-1;-1;-1;-1;-1;-1;-1
5-3??Ver1.4;20503;18;1;;2368;-1;-1;-1;-1;-1;-1;-1;-1;"1,189611486";"0,306165541";-1;-1;"0,708614865";-1;-1;-1;-1;-1;-1;-1;-1;"0,293074324";-1;-1;-1;-1;-1;-1;-1;-1;-1;-1;-1;-1;-1;-1;-1;-1;-1;-1;-1;-1;-1;-1
5-4??Ver1.4;10504;18;1;;1501;"0,000666223";"0,003331113";-1;-1;0;"0,004663558";-1;-1;"0,586275816";"0,139240506";-1;-1;"0,001332445";"0,019986676";-1;-1;"0,023984011";"0,001998668";-1;-1;"0,000666223";-1;-1;"0,000666223";-1;-1;-1;-1;-1;-1;-1;-1;-1;-1;-1;-1;-1;-1;-1;-1;"0,287141905";-1;-1;-1
5-4??Ver1.9;20504;18;0;1;2452;-1;"0,017536705";-1;-1;-1;"0,028955954";-1;-1;-1;"0,031810767";-1;-1;-1;"0,53548124";-1;-1;"0,696574225";"0,039151713";-1;-1;"0,017944535";-1;-1;"0,015497553";"0,303017945";-1;"0,016721044";-1;-1;-1;-1;-1;-1;-1;-1;-1;-1;-1;-1;-1;-1;-1;-1;-1
5-4??Ver2.6;20504;18;1;;2222;-1;"0,01980198";-1;-1;-1;"0,01980198";-1;-1;-1;"0,02340234";-1;-1;-1;"0,505850585";-1;-1;"0,700270027";"0,04230423";-1;-1;"0,01620162";-1;-1;"0,013051305";"0,295679568";-1;"0,021152115";-1;-1;"0,01890189";-1;-1;-1;-1;-1;-1;-1;-1;-1;-1;-1;-1;-1;-1
5-5??Ver2.6;10505;18;1;;0;0;0;-1;-1;0;0;-1;-1;0;0;-1;-1;0;0;-1;-1;0;0;-1;-1;0;-1;-1;0;-1;-1;0;-1;-1;0;-1;-1;-1;-1;-1;-1;-1;-1;-1;-1;-1;-1;-1;-1
5-5??Ver1.4;20505;18;1;;833;"0,600240096";"0,202881152";-1;-1;-1;-1;-1;-1;-1;-1;-1;-1;"0,654261705";-1;"0,344537815";-1;-1;-1;-1;-1;-1;-1;-1;-1;-1;-1;-1;-1;-1;-1;-1;-1;-1;-1;-1;-1;-1;-1;-1;-1;-1;-1;-1;-1
5-6??Ver2.6;10506;18;1;;0;0;0;-1;-1;0;0;-1;-1;0;0;-1;-1;0;0;-1;-1;0;0;-1;-1;0;-1;-1;0;-1;-1;0;-1;-1;0;-1;-1;-1;-1;-1;-1;-1;-1;-1;-1;-1;-1;-1;-1
5-6??Ver2.6;20506;18;1;;0;0;0;-1;-1;0;0;-1;-1;0;0;-1;-1;0;0;-1;-1;0;0;-1;-1;0;-1;-1;0;-1;-1;0;-1;-1;0;-1;-1;-1;-1;-1;-1;-1;-1;-1;-1;-1;-1;-1;-1
5-7??Ver2.6;10507;18;1;;0;0;0;-1;-1;0;0;-1;-1;0;0;-1;-1;0;0;-1;-1;0;0;-1;-1;0;-1;-1;0;-1;-1;0;-1;-1;0;-1;-1;-1;-1;-1;-1;-1;-1;-1;-1;-1;-1;-1;-1
5-7??Ver1.4;20507;18;1;;1310;-1;-1;-1;-1;-1;-1;-1;-1;"1,265648855";"0,294656489";"0,377862595";-1;-1;-1;-1;-1;-1;-1;-1;-1;-1;-1;-1;-1;-1;-1;-1;-1;-1;-1;-1;-1;-1;-1;-1;-1;-1;-1;-1;-1;-1;-1;-1;-1
5-8??Ver2.6;10508;18;1;;0;0;0;-1;-1;0;0;-1;-1;0;0;-1;-1;0;0;-1;-1;0;0;-1;-1;0;-1;-1;0;-1;-1;0;-1;-1;0;-1;-1;-1;-1;-1;-1;-1;-1;-1;-1;-1;-1;-1;-1
5-8??Ver1.4;20508;18;1;;367;-1;-1;-1;-1;"0,757493188";"0,277929155";-1;-1;-1;-1;-1;-1;-1;-1;-1;-1;"0,558583106";-1;"0,455040872";-1;-1;-1;-1;-1;-1;-1;-1;-1;-1;-1;-1;-1;-1;-1;-1;-1;-1;-1;-1;-1;-1;-1;-1;-1
5-9??Ver2.6;10509;18;1;;0;0;0;-1;-1;0;0;-1;-1;0;0;-1;-1;0;0;-1;-1;0;0;-1;-1;0;-1;-1;0;-1;-1;0;-1;-1;0;-1;-1;-1;-1;-1;-1;-1;-1;-1;-1;-1;-1;-1;-1
5-9??Ver1.9;20509;18;0;1;454;0;"0,028634361";-1;-1;"0,671806167";"0,079295154";"0,27753304";-1;"0,011013216";"0,033039648";-1;-1;"0,002202643";"0,54185022";-1;-1;"0,004405286";"0,033039648";-1;-1;"0,024229075";-1;-1;"0,015418502";-1;-1;"0,011013216";-1;-1;-1;-1;-1;-1;-1;-1;-1;-1;-1;-1;-1;-1;-1;-1;-1
5-9??Ver2.6;20509;18;1;;254;0;"0,023622047";-1;-1;"0,665354331";"0,015748031";"0,338582677";-1;0;"0,023622047";-1;-1;0;"0,531496063";-1;-1;0;"0,035433071";-1;-1;"0,019685039";-1;-1;"0,019685039";-1;-1;"0,007874016";-1;-1;"0,031496063";-1;-1;-1;-1;-1;-1;-1;-1;-1;-1;-1;-1;-1;-1
5-10??Ver2.6;10510;18;1;;0;0;0;-1;-1;0;0;-1;-1;0;0;-1;-1;0;0;-1;-1;0;0;-1;-1;0;-1;-1;0;-1;-1;0;-1;-1;0;-1;-1;-1;-1;-1;-1;-1;-1;-1;-1;-1;-1;-1;-1
5-10??Ver2.6;20510;18;1;;0;0;0;-1;-1;0;0;-1;-1;0;0;-1;-1;0;0;-1;-1;0;0;-1;-1;0;-1;-1;0;-1;-1;0;-1;-1;0;-1;-1;-1;-1;-1;-1;-1;-1;-1;-1;-1;-1;-1;-1
5-12??Ver2.6;10512;18;1;;0;0;0;-1;-1;0;0;-1;-1;0;0;-1;-1;0;0;-1;-1;0;0;-1;-1;0;-1;-1;0;-1;-1;0;-1;-1;0;-1;-1;-1;-1;-1;-1;-1;-1;-1;-1;-1;-1;-1;-1
5-12??Ver1.9;20512;18;1;;2;"0,5";0;-1;-1;0;0;-1;-1;"0,5";0;-1;-1;0;"0,5";-1;-1;0;0;-1;-1;"0,5";-1;-1;0;-1;-1;0;-1;-1;-1;-1;-1;-1;-1;-1;-1;-1;-1;-1;-1;-1;-1;-1;-1
5-14??Ver2.6;10514;18;1;;0;0;0;-1;-1;0;0;-1;-1;0;0;-1;-1;0;0;-1;-1;0;0;-1;-1;0;-1;-1;0;-1;-1;0;-1;-1;0;-1;-1;-1;-1;-1;-1;-1;-1;-1;-1;-1;-1;-1;-1
5-14??Ver1.4;20514;18;1;;2270;-1;-1;-1;-1;-1;-1;-1;-1;-1;-1;-1;-1;"0,681497797";-1;-1;-1;"0,716299559";"0,137885463";-1;-1;-1;-1;-1;-1;-1;-1;-1;-1;-1;-1;-1;-1;-1;"0,314537445";-1;-1;-1;-1;-1;-1;-1;-1;-1;-1
5-16??Ver2.6;10516;18;1;;0;0;0;-1;-1;0;0;-1;-1;0;0;-1;-1;0;0;-1;-1;0;0;-1;-1;0;-1;-1;0;-1;-1;0;-1;-1;0;-1;-1;-1;-1;-1;-1;-1;-1;-1;-1;-1;-1;-1;-1
5-16??Ver2.6;20516;18;1;;0;0;0;-1;-1;0;0;-1;-1;0;0;-1;-1;0;0;-1;-1;0;0;-1;-1;0;-1;-1;0;-1;-1;0;-1;-1;0;-1;-1;-1;-1;-1;-1;-1;-1;-1;-1;-1;-1;-1;-1
5-19??Ver1.9;10519;18;1;;0;0;0;-1;-1;0;0;-1;-1;0;0;-1;-1;0;0;-1;-1;0;0;-1;-1;0;-1;-1;0;-1;-1;0;-1;-1;0;-1;-1;-1;-1;-1;-1;-1;-1;-1;-1;-1;-1;-1;-1
5-19??Ver1.4;20519;18;1;;5479;-1;"0,096915496";"0,314108414";-1;-1;-1;-1;-1;-1;-1;-1;-1;"0,711261179";-1;-1;"0,020441686";-1;-1;-1;-1;-1;-1;-1;-1;-1;-1;-1;-1;-1;-1;-1;-1;-1;-1;-1;-1;-1;-1;-1;-1;-1;-1;-1;-1
5-20??Ver1.4;10520;18;1;;22;"0,590909091";"0,818181818";-1;-1;"0,090909091";0;-1;-1;"0,227272727";0;-1;-1;"0,090909091";0;-1;-1;"0,045454545";"0,045454545";-1;-1;0;-1;-1;0;-1;-1;-1;-1;-1;-1;-1;-1;-1;-1;-1;-1;-1;-1;-1;-1;-1;-1;-1;-1
5-20??Ver2.6;20520;18;1;;0;0;0;-1;-1;0;0;-1;-1;0;0;-1;-1;0;0;-1;-1;0;0;-1;-1;0;-1;-1;0;-1;-1;0;-1;-1;0;-1;-1;-1;-1;-1;-1;-1;-1;-1;-1;-1;-1;-1;-1
6-3??Ver2.6;10603;18;1;;0;0;0;-1;-1;0;0;-1;-1;0;0;-1;-1;0;0;-1;-1;0;0;-1;-1;0;-1;-1;0;-1;-1;0;-1;-1;0;-1;-1;-1;-1;-1;-1;-1;-1;-1;-1;-1;-1;-1;-1
6-3??Ver2.6;20603;18;1;;0;0;0;-1;-1;0;0;-1;-1;0;0;-1;-1;0;0;-1;-1;0;0;-1;-1;0;-1;-1;0;-1;-1;0;-1;-1;0;-1;-1;-1;-1;-1;-1;-1;-1;-1;-1;-1;-1;-1;-1
6-4??Ver2.6;10604;18;1;;0;0;0;-1;-1;0;0;-1;-1;0;0;-1;-1;0;0;-1;-1;0;0;-1;-1;0;-1;-1;0;-1;-1;0;-1;-1;0;-1;-1;-1;-1;-1;-1;-1;-1;-1;-1;-1;-1;-1;-1
6-4??Ver1.7;20604;18;0;1;456;0;"0,010964912";-1;-1;"0,002192982";"0,032894737";-1;-1;"0,002192982";"0,019736842";-1;-1;0;"0,041666667";-1;-1;"0,48245614";"0,041666667";"0,442982456";-1;"0,236842105";-1;-1;"0,010964912";-1;-1;-1;-1;-1;-1;-1;-1;-1;-1;-1;-1;-1;-1;-1;-1;-1;-1;-1;-1
6-4??Ver2.6;20604;18;1;;218;0;"0,02293578";-1;-1;0;"0,018348624";-1;-1;0;"0,013761468";-1;-1;0;"0,032110092";-1;-1;"0,518348624";"0,050458716";"0,481651376";-1;"0,266055046";-1;-1;0;-1;-1;"0,009174312";-1;-1;"0,027522936";-1;-1;-1;-1;-1;-1;-1;-1;-1;-1;-1;-1;-1;-1
6-5??Ver2.6;10605;18;1;;0;0;0;-1;-1;0;0;-1;-1;0;0;-1;-1;0;0;-1;-1;0;0;-1;-1;0;-1;-1;0;-1;-1;0;-1;-1;0;-1;-1;-1;-1;-1;-1;-1;-1;-1;-1;-1;-1;-1;-1
6-5??Ver1.9;20605;18;0;1;1376;0;"0,025436047";-1;-1;"0,038517442";"0,02252907";-1;-1;"0,526889535";"0,1875";-1;-1;"0,012354651";"0,029796512";-1;-1;"0,680959302";"0,042877907";-1;-1;"0,025436047";-1;-1;"0,012354651";"0,295784884";-1;"0,024709302";-1;-1;-1;-1;-1;-1;-1;-1;-1;-1;-1;-1;-1;-1;-1;-1;-1
6-5??Ver2.6;20605;18;1;;32;0;"0,03125";-1;-1;0;"0,09375";-1;-1;"0,6875";"0,1875";-1;-1;0;0;-1;-1;"0,71875";"0,03125";-1;-1;0;-1;-1;0;"0,28125";-1;0;-1;-1;0;-1;-1;-1;-1;-1;-1;-1;-1;-1;-1;-1;-1;-1;-1
6-6??Ver2.6;10606;18;1;;12;0;"0,083333333";-1;-1;0;0;-1;-1;0;0;-1;-1;"1,416666667";"1,083333333";-1;-1;0;"0,166666667";-1;-1;0;-1;-1;0;-1;-1;"0,166666667";-1;-1;"0,083333333";-1;-1;-1;-1;-1;-1;-1;-1;-1;-1;-1;-1;-1;-1
6-6??Ver1.7;20606;18;1;;857;"0,725787631";0;"0,273045508";-1;0;0;-1;-1;0;0;-1;-1;0;0;-1;-1;0;"0,506417736";-1;-1;0;-1;-1;0;-1;-1;-1;-1;-1;-1;-1;-1;-1;-1;-1;-1;-1;-1;-1;-1;-1;-1;-1;-1
6-7??Ver2.6;10607;18;1;;0;0;0;-1;-1;0;0;-1;-1;0;0;-1;-1;0;0;-1;-1;0;0;-1;-1;0;-1;-1;0;-1;-1;0;-1;-1;0;-1;-1;-1;-1;-1;-1;-1;-1;-1;-1;-1;-1;-1;-1
6-7??Ver2.6;20607;18;1;;0;0;0;-1;-1;0;0;-1;-1;0;0;-1;-1;0;0;-1;-1;0;0;-1;-1;0;-1;-1;0;-1;-1;0;-1;-1;0;-1;-1;-1;-1;-1;-1;-1;-1;-1;-1;-1;-1;-1;-1
6-8??Ver1.7;10608;18;1;;11;"0,181818182";1;-1;-1;0;0;-1;-1;0;0;-1;-1;"0,545454545";"0,090909091";-1;-1;0;0;-1;-1;0;-1;-1;0;-1;-1;-1;-1;-1;-1;-1;-1;-1;-1;-1;-1;-1;-1;-1;-1;-1;-1;-1;-1
6-8??Ver1.7;20608;18;1;;729;"0,289437586";"0,127572016";-1;-1;"0,721536351";0;-1;-1;0;0;-1;-1;0;0;-1;-1;0;0;-1;-1;0;"0,282578875";-1;0;-1;-1;-1;-1;-1;-1;-1;-1;-1;-1;-1;-1;-1;-1;-1;-1;-1;-1;-1;-1
6-10??Ver2.6;10610;18;1;;0;0;0;-1;-1;0;0;-1;-1;0;0;-1;-1;0;0;-1;-1;0;0;-1;-1;0;-1;-1;0;-1;-1;0;-1;-1;0;-1;-1;-1;-1;-1;-1;-1;-1;-1;-1;-1;-1;-1;-1
6-10??Ver1.7;20610;18;1;;844;0;0;-1;-1;"0,71563981";"0,278436019";-1;-1;"0,676540284";"0,008293839";"0,328199052";-1;0;0;-1;-1;0;0;-1;-1;0;-1;-1;0;-1;-1;-1;-1;-1;-1;-1;-1;-1;-1;-1;-1;-1;-1;-1;-1;-1;-1;-1;-1
6-12??Ver2.6;10612;18;1;;0;0;0;-1;-1;0;0;-1;-1;0;0;-1;-1;0;0;-1;-1;0;0;-1;-1;0;-1;-1;0;-1;-1;0;-1;-1;0;-1;-1;-1;-1;-1;-1;-1;-1;-1;-1;-1;-1;-1;-1
6-12??Ver2.6;20612;18;1;;0;0;0;-1;-1;0;0;-1;-1;0;0;-1;-1;0;0;-1;-1;0;0;-1;-1;0;-1;-1;0;-1;-1;0;-1;-1;0;-1;-1;-1;-1;-1;-1;-1;-1;-1;-1;-1;-1;-1;-1
6-14??Ver2.6;10614;18;1;;0;0;0;-1;-1;0;0;-1;-1;0;0;-1;-1;0;0;-1;-1;0;0;-1;-1;0;-1;-1;0;-1;-1;0;-1;-1;0;-1;-1;-1;-1;-1;-1;-1;-1;-1;-1;-1;-1;-1;-1
6-14??Ver1.7;20614;18;1;;8612;0;0;-1;-1;0;0;-1;-1;0;0;-1;"0,019972132";"1,399326521";"0,194496052";"0,353228054";-1;0;0;-1;-1;0;-1;-1;0;-1;-1;-1;-1;-1;-1;-1;-1;-1;-1;-1;-1;-1;-1;-1;-1;-1;-1;-1;-1
6-15??Ver2.6;10615;18;1;;0;0;0;-1;-1;0;0;-1;-1;0;0;-1;-1;0;0;-1;-1;0;0;-1;-1;0;-1;-1;0;-1;-1;0;-1;-1;0;-1;-1;-1;-1;-1;-1;-1;-1;-1;-1;-1;-1;-1;-1
6-15??Ver2.6;20615;18;1;;0;0;0;-1;-1;0;0;-1;-1;0;0;-1;-1;0;0;-1;-1;0;0;-1;-1;0;-1;-1;0;-1;-1;0;-1;-1;0;-1;-1;-1;-1;-1;-1;-1;-1;-1;-1;-1;-1;-1;-1
6-19??Ver2.6;10619;18;1;;0;0;0;-1;-1;0;0;-1;-1;0;0;-1;-1;0;0;-1;-1;0;0;-1;-1;0;-1;-1;0;-1;-1;0;-1;-1;0;-1;-1;-1;-1;-1;-1;-1;-1;-1;-1;-1;-1;-1;-1
6-19??Ver1.7;20619;18;0;1;503;0;"0,031809145";-1;-1;"0,701789264";"0,029821074";"0,292246521";-1;"0,532803181";"0,222664016";-1;-1;0;"0,039761431";-1;-1;0;"0,033797217";-1;-1;"0,031809145";-1;-1;"0,013916501";-1;-1;-1;-1;-1;-1;-1;-1;-1;-1;-1;-1;-1;-1;-1;-1;-1;-1;-1;-1
6-19??Ver2.6;20619;18;1;;60;0;0;-1;-1;"0,7";0;"0,3";-1;"0,616666667";"0,166666667";-1;-1;0;"0,033333333";-1;-1;0;"0,033333333";-1;-1;"0,016666667";-1;-1;0;-1;-1;0;-1;-1;0;-1;-1;-1;-1;-1;-1;-1;-1;-1;-1;-1;-1;-1;-1
6-21??Ver2.6;10621;18;1;;0;0;0;-1;-1;0;0;-1;-1;0;0;-1;-1;0;0;-1;-1;0;0;-1;-1;0;-1;-1;0;-1;-1;0;-1;-1;0;-1;-1;-1;-1;-1;-1;-1;-1;-1;-1;-1;-1;-1;-1
6-21??Ver1.7;20621;18;1;;3303;-1;-1;-1;-1;-1;-1;-1;-1;-1;-1;-1;-1;"0,74568574";"0,194066001";-1;-1;"0,707841356";-1;-1;-1;-1;-1;-1;-1;-1;-1;-1;-1;-1;-1;-1;-1;-1;-1;-1;-1;-1;-1;-1;-1;"0,283681502";-1;-1;-1
6-24??Ver2.6;10624;18;1;;0;0;0;-1;-1;0;0;-1;-1;0;0;-1;-1;0;0;-1;-1;0;0;-1;-1;0;-1;-1;0;-1;-1;0;-1;-1;0;-1;-1;-1;-1;-1;-1;-1;-1;-1;-1;-1;-1;-1;-1
6-24??Ver2.6;20624;18;1;;0;0;0;-1;-1;0;0;-1;-1;0;0;-1;-1;0;0;-1;-1;0;0;-1;-1;0;-1;-1;0;-1;-1;0;-1;-1;0;-1;-1;-1;-1;-1;-1;-1;-1;-1;-1;-1;-1;-1;-1
7-3??Ver2.6;10703;18;1;;0;0;0;-1;-1;0;0;-1;-1;0;0;-1;-1;0;0;-1;-1;0;0;-1;-1;0;-1;-1;0;-1;-1;0;-1;-1;0;-1;-1;-1;-1;-1;-1;-1;-1;-1;-1;-1;-1;-1;-1
7-3??Ver1.9;20703;20;0;1;1272;-1;"0,050314465";-1;-1;"1,048742138";"0,185534591";"0,326257862";-1;-1;"0,070754717";-1;-1;-1;"0,068396226";-1;-1;-1;"0,066037736";-1;-1;"0,034591195";-1;-1;"0,046383648";-1;-1;"0,050314465";-1;-1;-1;-1;-1;-1;-1;-1;-1;-1;-1;-1;-1;-1;-1;-1;-1
7-3??Ver2.6;20703;20;1;;40;-1;"0,05";-1;-1;"1,05";"0,175";"0,3";-1;-1;"0,1";-1;-1;-1;"0,05";-1;-1;-1;"0,15";-1;-1;"0,1";-1;-1;0;-1;-1;"0,025";-1;-1;0;-1;-1;-1;-1;-1;-1;-1;-1;-1;-1;-1;-1;-1;-1
7-5??Ver2.6;10705;18;1;;4;0;0;-1;-1;-1;"0,25";-1;-1;-1;0;-1;-1;-1;"0,5";-1;-1;-1;0;-1;-1;0;-1;-1;0;-1;-1;"0,75";-1;-1;"0,25";-1;-1;-1;-1;-1;-1;-1;-1;-1;-1;-1;-1;-1;-1
7-5??Ver2.6;20705;20;1;;0;0;0;-1;-1;0;0;-1;-1;0;0;-1;-1;0;0;-1;-1;0;0;-1;-1;0;-1;-1;0;-1;-1;0;-1;-1;0;-1;-1;-1;-1;-1;-1;-1;-1;-1;-1;-1;-1;-1;-1
7-6??Ver2.6;10706;18;1;;0;0;0;-1;-1;0;0;-1;-1;0;0;-1;-1;0;0;-1;-1;0;0;-1;-1;0;-1;-1;0;-1;-1;0;-1;-1;0;-1;-1;-1;-1;-1;-1;-1;-1;-1;-1;-1;-1;-1;-1
7-6??Ver1.9;20706;20;0;1;2674;-1;"0,025056096";-1;-1;"0,689229619";"0,032161556";-1;-1;-1;"0,030291698";-1;-1;-1;"0,031413613";-1;-1;-1;"0,041510845";-1;-1;"0,015706806";-1;-1;"0,018324607";-1;-1;"0,173522812";"0,305160808";-1;-1;-1;-1;-1;-1;-1;-1;-1;-1;-1;-1;-1;-1;-1;-1
7-6??Ver2.6;20706;20;1;;111;-1;"0,045045045";-1;-1;"0,657657658";"0,045045045";-1;-1;-1;"0,027027027";-1;-1;-1;"0,072072072";-1;-1;-1;"0,036036036";-1;-1;"0,009009009";-1;-1;0;-1;-1;"0,153153153";"0,297297297";-1;"0,018018018";-1;-1;-1;-1;-1;-1;-1;-1;-1;-1;-1;-1;-1;-1
7-7??Ver2.6;10707;18;1;;0;-1;0;-1;-1;0;0;-1;-1;-1;0;-1;-1;-1;0;-1;-1;-1;0;-1;-1;0;-1;-1;0;-1;-1;0;-1;-1;0;-1;-1;-1;-1;-1;-1;-1;-1;-1;-1;-1;-1;-1;-1
7-7??Ver1.9;20707;20;0;1;5225;-1;"0,039617225";-1;-1;-1;"0,04861244";-1;-1;"1,195598086";"0,204784689";"0,382966507";-1;-1;"0,073110048";-1;-1;-1;"0,075980861";-1;-1;"0,044019139";-1;-1;"0,032727273";-1;-1;"0,042296651";-1;-1;-1;-1;-1;-1;-1;-1;-1;-1;-1;-1;-1;-1;-1;-1;-1
7-7??Ver2.6;20707;20;1;;1203;-1;"0,026600166";-1;-1;-1;"0,038237739";-1;-1;"1,189526185";"0,223607648";"0,384871155";-1;-1;"0,056525353";-1;-1;-1;"0,061512884";-1;-1;"0,048212801";-1;-1;"0,032418953";-1;-1;"0,030756442";-1;-1;"0,032418953";-1;-1;-1;-1;-1;-1;-1;-1;-1;-1;-1;-1;-1;-1
7-8??Ver1.9;10708;18;1;;5;-1;-1;-1;-1;-1;-1;-1;-1;-1;-1;-1;-1;"1,8";0;-1;-1;"0,8";0;-1;-1;-1;-1;-1;-1;-1;-1;-1;-1;-1;-1;-1;-1;"0,2";-1;-1;-1;-1;-1;-1;-1;-1;-1;-1;-1
7-8??Ver2.6;20708;20;1;;0;0;0;-1;-1;0;0;-1;-1;0;0;-1;-1;0;0;-1;-1;0;0;-1;-1;0;-1;-1;0;-1;-1;0;-1;-1;0;-1;-1;-1;-1;-1;-1;-1;-1;-1;-1;-1;-1;-1;-1
7-10??Ver2.6;10710;18;1;;0;0;0;-1;-1;0;0;-1;-1;0;0;-1;-1;0;0;-1;-1;0;0;-1;-1;0;-1;-1;0;-1;-1;0;-1;-1;0;-1;-1;-1;-1;-1;-1;-1;-1;-1;-1;-1;-1;-1;-1
7-10??Ver1.9;20710;20;0;1;1495;-1;"0,022073579";-1;-1;"0,661538462";"0,035451505";-1;-1;-1;"0,038795987";-1;-1;-1;"0,042140468";-1;-1;-1;"0,035451505";-1;-1;"0,257525084";"0,331772575";-1;"0,024080268";-1;-1;"0,026086957";-1;-1;-1;-1;-1;-1;-1;-1;-1;-1;-1;-1;-1;-1;-1;-1;-1
7-10??Ver2.6;20710;20;1;;33;-1;"0,03030303";-1;-1;"0,727272727";0;-1;-1;-1;0;-1;-1;-1;0;-1;-1;-1;"0,03030303";-1;-1;"0,393939394";"0,272727273";-1;0;-1;-1;0;-1;-1;"0,060606061";-1;-1;-1;-1;-1;-1;-1;-1;-1;-1;-1;-1;-1;-1
7-12??Ver2.6;10712;18;1;;0;0;0;-1;-1;0;0;-1;-1;0;0;-1;-1;0;0;-1;-1;0;0;-1;-1;0;-1;-1;0;-1;-1;0;-1;-1;0;-1;-1;-1;-1;-1;-1;-1;-1;-1;-1;-1;-1;-1;-1
7-12??Ver1.9;20712;20;0;1;1366;-1;"0,045387994";-1;-1;-1;"0,039531479";-1;-1;-1;"0,057833089";-1;-1;-1;"0,085651537";-1;-1;"0,497803807";"0,567349927";"0,502928258";-1;"0,038799414";-1;-1;"0,032942899";-1;-1;"0,043923865";-1;-1;-1;-1;-1;-1;-1;-1;-1;-1;-1;-1;-1;-1;-1;-1;-1
7-12??Ver2.6;20712;20;1;;838;-1;"0,023866348";-1;-1;-1;"0,034606205";-1;-1;-1;"0,057279236";-1;-1;-1;"0,059665871";-1;-1;"0,496420048";"0,596658711";"0,492840095";-1;"0,040572792";-1;-1;"0,026252983";-1;-1;"0,059665871";-1;-1;"0,038186158";-1;-1;-1;-1;-1;-1;-1;-1;-1;-1;-1;-1;-1;-1
7-13??Ver2.6;10713;18;1;;0;0;0;-1;-1;0;0;-1;-1;-1;0;-1;-1;-1;0;-1;-1;-1;0;-1;-1;0;-1;-1;0;-1;-1;0;-1;-1;0;-1;-1;-1;-1;-1;-1;-1;-1;-1;-1;-1;-1;-1;-1
7-13??Ver2.6;20713;20;1;;0;0;0;-1;-1;0;0;-1;-1;0;0;-1;-1;0;0;-1;-1;0;0;-1;-1;0;-1;-1;0;-1;-1;0;-1;-1;0;-1;-1;-1;-1;-1;-1;-1;-1;-1;-1;-1;-1;-1;-1
7-16??Ver2.6;10716;18;1;;0;0;0;-1;-1;0;0;-1;-1;0;0;-1;-1;0;0;-1;-1;0;0;-1;-1;0;-1;-1;0;-1;-1;0;-1;-1;0;-1;-1;-1;-1;-1;-1;-1;-1;-1;-1;-1;-1;-1;-1
7-16??Ver1.9;20716;20;0;1;1241;-1;"0,020950846";-1;-1;-1;"0,023368251";-1;-1;-1;"0,024174053";-1;-1;-1;"0,038678485";-1;-1;"0,687348912";"0,033037873";-1;-1;"0,02256245";-1;-1;"0,271555197";"0,307010475";-1;"0,020950846";-1;-1;-1;-1;-1;-1;-1;-1;-1;-1;-1;-1;-1;-1;-1;-1;-1
7-16??Ver2.6;20716;20;1;;44;-1;0;-1;-1;-1;"0,022727273";-1;-1;-1;"0,022727273";-1;-1;-1;"0,068181818";-1;-1;"0,659090909";"0,022727273";-1;-1;"0,022727273";-1;-1;"0,113636364";"0,25";-1;0;-1;-1;"0,045454545";-1;-1;-1;-1;-1;-1;-1;-1;-1;-1;-1;-1;-1;-1
7-18??Ver2.6;10718;18;1;;0;-1;0;-1;-1;-1;0;-1;-1;0;0;-1;-1;-1;0;-1;-1;-1;0;-1;-1;0;-1;-1;0;-1;-1;0;-1;-1;0;-1;-1;-1;-1;-1;-1;-1;-1;-1;-1;-1;-1;-1;-1
7-18??Ver2.6;20718;20;1;;0;0;0;-1;-1;0;0;-1;-1;0;0;-1;-1;0;0;-1;-1;0;0;-1;-1;0;-1;-1;0;-1;-1;0;-1;-1;0;-1;-1;-1;-1;-1;-1;-1;-1;-1;-1;-1;-1;-1;-1
7-19??Ver2.6;10719;18;1;;0;0;0;-1;-1;0;0;-1;-1;0;0;-1;-1;0;0;-1;-1;0;0;-1;-1;0;-1;-1;0;-1;-1;0;-1;-1;0;-1;-1;-1;-1;-1;-1;-1;-1;-1;-1;-1;-1;-1;-1
7-19??Ver1.9;20719;20;0;1;1576;-1;"0,021573604";-1;-1;-1;"0,024746193";-1;-1;-1;"0,024746193";-1;-1;"2,106598985";"0,408629442";"0,374365482";-1;-1;"0,034263959";-1;-1;"0,031091371";-1;-1;"0,016497462";-1;-1;"0,02284264";-1;-1;-1;-1;-1;-1;-1;-1;-1;-1;-1;-1;-1;-1;-1;-1;-1
7-19??Ver2.6;20719;20;1;;228;-1;"0,01754386";-1;-1;-1;"0,01754386";-1;-1;-1;"0,013157895";-1;-1;"1,622807018";"0,350877193";"0,412280702";-1;-1;"0,035087719";-1;-1;"0,026315789";-1;-1;"0,013157895";-1;-1;"0,021929825";-1;-1;"0,035087719";-1;-1;-1;-1;-1;-1;-1;-1;-1;-1;-1;-1;-1;-1
7-20??Ver2.6;10720;18;1;;0;0;0;-1;-1;-1;0;-1;-1;0;0;-1;-1;-1;0;-1;-1;-1;0;-1;-1;0;-1;-1;0;-1;-1;0;-1;-1;0;-1;-1;-1;-1;-1;-1;-1;-1;-1;-1;-1;-1;-1;-1
7-20??Ver1.9;20720;20;1;;3029;-1;-1;-1;-1;-1;-1;-1;-1;-1;-1;-1;-1;"1,37537141";"0,198085177";-1;-1;-1;-1;-1;-1;-1;-1;-1;-1;-1;-1;-1;-1;-1;-1;-1;-1;-1;"0,34169693";-1;-1;-1;-1;-1;-1;-1;-1;-1;-1
7-24??Ver2.6;10724;18;1;;0;-1;0;-1;-1;-1;0;-1;-1;0;0;-1;-1;-1;0;-1;-1;-1;0;-1;-1;0;-1;-1;0;-1;-1;0;-1;-1;0;-1;-1;-1;-1;-1;-1;-1;-1;-1;-1;-1;-1;-1;-1
7-24??Ver2.6;20724;20;1;;0;0;0;-1;-1;0;0;-1;-1;0;0;-1;-1;0;0;-1;-1;0;0;-1;-1;0;-1;-1;0;-1;-1;0;-1;-1;0;-1;-1;-1;-1;-1;-1;-1;-1;-1;-1;-1;-1;-1;-1
7-26??Ver2.6;10726;18;1;;0;0;0;-1;-1;0;0;-1;-1;0;0;-1;-1;0;0;-1;-1;0;0;-1;-1;0;-1;-1;0;-1;-1;0;-1;-1;0;-1;-1;-1;-1;-1;-1;-1;-1;-1;-1;-1;-1;-1;-1
7-26??Ver1.9;20726;20;0;1;6389;"0,693222727";"0,019877915";"0,308185945";"0,018938801";-1;"0,02066051";-1;-1;-1;"0,031929879";-1;-1;-1;"0,034434184";-1;-1;-1;"0,046329629";-1;-1;"0,021130067";-1;-1;"0,018625763";-1;-1;"0,01909532";-1;-1;-1;-1;-1;-1;-1;-1;-1;-1;-1;-1;-1;-1;-1;-1;-1
7-26??Ver2.6;20726;20;1;;4360;"0,68646789";"0,015366972";"0,30940367";"0,016743119";-1;"0,019724771";-1;-1;-1;"0,023165138";-1;-1;-1;"0,028669725";-1;-1;-1;"0,037385321";-1;-1;"0,021788991";-1;-1;"0,013990826";-1;-1;"0,016743119";-1;-1;"0,022018349";-1;-1;-1;-1;-1;-1;-1;-1;-1;-1;-1;-1;-1;-1
????1;100101;15;1;;6;-1;-1;-1;-1;-1;-1;-1;-1;-1;-1;-1;-1;-1;-1;-1;-1;-1;-1;-1;-1;-1;-1;-1;-1;-1;-1;-1;-1;-1;-1;-1;-1;-1;-1;-1;-1;-1;-1;-1;-1;-1;-1;8;-1
????2;100102;18;1;;2;-1;-1;-1;-1;-1;-1;-1;-1;-1;-1;-1;-1;-1;-1;-1;-1;-1;-1;-1;-1;-1;-1;-1;-1;-1;-1;-1;-1;-1;-1;-1;-1;-1;-1;-1;-1;-1;-1;-1;-1;-1;-1;10;-1
????3;100103;20;1;;319;-1;-1;-1;-1;-1;-1;-1;-1;-1;-1;-1;-1;-1;-1;-1;-1;-1;-1;-1;-1;-1;-1;-1;-1;-1;-1;-1;-1;-1;-1;-1;-1;-1;-1;-1;-1;-1;-1;-1;-1;-1;-1;11;"0,141065831"
????4;100104;22;1;;827;-1;-1;-1;-1;-1;-1;-1;-1;-1;-1;-1;-1;-1;-1;-1;-1;-1;-1;-1;-1;-1;-1;-1;-1;-1;-1;-1;-1;-1;-1;-1;-1;-1;-1;-1;-1;-1;-1;-1;-1;-1;-1;"10,82224909";"0,296251511"
8-3??Ver2.6;10803;18;1;;0;0;0;-1;-1;0;0;-1;-1;0;0;-1;-1;0;0;-1;-1;0;0;-1;-1;0;-1;-1;0;-1;-1;0;-1;-1;0;-1;-1;-1;-1;-1;-1;-1;-1;-1;-1;-1;-1;-1;-1
8-3??Ver2.2;20803;20;0;1;1321;0;"0,037093111";-1;-1;0;"0,034065102";-1;-1;"0,000757002";"0,053747161";-1;-1;0;"0,071915216";-1;-1;"0,466313399";"0,550340651";"0,523845572";-1;"0,037850114";-1;-1;"0,025738077";-1;-1;"0,044663134";-1;-1;-1;-1;-1;-1;-1;-1;-1;-1;-1;-1;-1;-1;-1;-1;-1
8-3??Ver2.6;20803;20;1;;705;0;"0,024113475";-1;-1;0;"0,046808511";-1;-1;0;"0,043971631";-1;-1;0;"0,062411348";-1;-1;"0,483687943";"0,561702128";"0,513475177";-1;"0,042553191";-1;-1;"0,029787234";-1;-1;"0,025531915";-1;-1;"0,046808511";-1;-1;-1;-1;-1;-1;-1;-1;-1;-1;-1;-1;-1;-1
8-5??Ver2.6;10805;18;1;;0;0;0;-1;-1;0;0;-1;-1;0;0;-1;-1;0;0;-1;-1;0;0;-1;-1;0;-1;-1;0;-1;-1;0;-1;-1;-1;-1;-1;-1;-1;-1;-1;-1;-1;-1;-1;-1;-1;-1;-1
8-5??Ver2.2;10805;18;1;;5;0;"1,6";-1;-1;0;"0,2";-1;-1;0;0;-1;-1;0;"0,4";-1;-1;0;"0,2";-1;-1;0;-1;-1;0;-1;-1;"0,2";-1;-1;"0,2";-1;-1;-1;-1;-1;-1;-1;-1;-1;-1;-1;-1;-1;-1
8-5??Ver2.6;20805;20;1;;0;0;0;-1;-1;0;0;-1;-1;0;0;-1;-1;0;0;-1;-1;0;0;-1;-1;0;-1;-1;0;-1;-1;0;-1;-1;0;-1;-1;-1;-1;-1;-1;-1;-1;-1;-1;-1;-1;-1;-1
8-7??Ver2.6;10807;18;1;;0;0;0;-1;-1;0;0;-1;-1;0;0;-1;-1;0;0;-1;-1;0;0;-1;-1;0;-1;-1;0;-1;-1;0;-1;-1;0;-1;-1;-1;-1;-1;-1;-1;-1;-1;-1;-1;-1;-1;-1
8-7??Ver2.2;20807;20;0;1;661;"0,683812405";"0,186081694";"0,307110439";-1;"0,001512859";"0,033282905";-1;-1;0;"0,024205749";-1;-1;"0,003025719";"0,028744327";-1;-1;0;"0,045385779";-1;-1;"0,018154312";-1;-1;"0,019667171";-1;-1;"0,015128593";-1;-1;-1;-1;-1;-1;-1;-1;-1;-1;-1;-1;-1;-1;-1;-1;-1
8-7??Ver2.6;20807;20;1;;136;"0,713235294";"0,176470588";"0,286764706";-1;0;"0,022058824";-1;-1;0;"0,036764706";-1;-1;0;"0,051470588";-1;-1;0;"0,044117647";-1;-1;"0,022058824";-1;-1;"0,014705882";-1;-1;"0,014705882";-1;-1;0;-1;-1;-1;-1;-1;-1;-1;-1;-1;-1;-1;-1;-1;-1
8-9??Ver2.6;10809;18;1;;0;0;0;-1;-1;0;0;-1;-1;0;0;-1;-1;0;0;-1;-1;0;0;-1;-1;0;-1;-1;0;-1;-1;0;-1;-1;0;-1;-1;-1;-1;-1;-1;-1;-1;-1;-1;-1;-1;-1;-1
8-9??Ver2.6;20809;20;1;;0;0;0;-1;-1;0;0;-1;-1;0;0;-1;-1;0;0;-1;-1;0;0;-1;-1;0;-1;-1;0;-1;-1;0;-1;-1;0;-1;-1;-1;-1;-1;-1;-1;-1;-1;-1;-1;-1;-1;-1
8-10??Ver2.6;10810;18;1;;0;0;0;-1;-1;0;0;-1;-1;0;0;-1;-1;0;0;-1;-1;0;0;-1;-1;0;-1;-1;0;-1;-1;0;-1;-1;0;-1;-1;-1;-1;-1;-1;-1;-1;-1;-1;-1;-1;-1;-1
8-10??Ver2.2;20810;20;0;1;1093;0;"0,015553522";-1;-1;0;"0,026532479";-1;-1;0;"0,031107045";-1;-1;"1,365965233";"0,591033852";"0,374199451";-1;0;"0,043915828";-1;-1;"0,029277219";-1;-1;"0,010978957";-1;-1;"0,019213175";-1;-1;-1;-1;-1;-1;-1;-1;-1;-1;-1;-1;-1;-1;-1;-1;-1
8-10??Ver2.6;20810;20;1;;186;0;"0,021505376";-1;-1;0;"0,021505376";-1;-1;0;"0,016129032";-1;-1;"1,295698925";"0,602150538";"0,387096774";-1;0;"0,037634409";-1;-1;"0,016129032";-1;-1;"0,032258065";-1;-1;"0,02688172";-1;-1;"0,021505376";-1;-1;-1;-1;-1;-1;-1;-1;-1;-1;-1;-1;-1;-1
8-11??Ver2.6;10811;18;1;;0;0;0;-1;-1;0;0;-1;-1;0;0;-1;-1;0;0;-1;-1;0;0;-1;-1;0;-1;-1;0;-1;-1;0;-1;-1;0;-1;-1;-1;-1;-1;-1;-1;-1;-1;-1;-1;-1;-1;-1
8-11??Ver2.2;20811;20;1;;2714;"0,00110538";0;-1;-1;0;"0,00110538";-1;-1;"0,693072955";"0,306927045";-1;-1;0;0;-1;-1;0;0;-1;-1;0;-1;-1;0;-1;-1;0;-1;-1;-1;-1;-1;-1;-1;-1;-1;-1;-1;-1;-1;"0,306558585";-1;-1;-1
8-15??Ver2.6;10815;18;1;;0;0;0;-1;-1;0;0;-1;-1;0;0;-1;-1;0;0;-1;-1;0;0;-1;-1;0;-1;-1;0;-1;-1;0;-1;-1;0;-1;-1;-1;-1;-1;-1;-1;-1;-1;-1;-1;-1;-1;-1
8-15??Ver2.2;20815;20;0;1;1081;0;"0,021276596";-1;-1;"0,651248844";"0,031452359";-1;-1;0;"0,024051804";-1;-1;"0,001850139";"0,046253469";-1;-1;0;"0,034227567";-1;-1;"0,246068455";"0,327474561";-1;"0,019426457";-1;-1;"0,016651249";-1;-1;-1;-1;-1;-1;-1;-1;-1;-1;-1;-1;-1;-1;-1;-1;-1
8-15??Ver2.6;20815;20;1;;45;0;"0,022222222";-1;-1;"0,666666667";"0,022222222";-1;-1;0;"0,022222222";-1;-1;0;"0,022222222";-1;-1;0;"0,044444444";-1;-1;"0,177777778";"0,266666667";-1;0;-1;-1;"0,022222222";-1;-1;0;-1;-1;-1;-1;-1;-1;-1;-1;-1;-1;-1;-1;-1;-1
8-16??Ver2.6;10816;18;1;;0;0;0;-1;-1;0;0;-1;-1;0;0;-1;-1;0;0;-1;-1;0;0;-1;-1;0;-1;-1;0;-1;-1;0;-1;-1;0;-1;-1;-1;-1;-1;-1;-1;-1;-1;-1;-1;-1;-1;-1
8-16??Ver2.6;20816;20;1;;0;0;0;-1;-1;0;0;-1;-1;0;0;-1;-1;0;0;-1;-1;0;0;-1;-1;0;-1;-1;0;-1;-1;0;-1;-1;0;-1;-1;-1;-1;-1;-1;-1;-1;-1;-1;-1;-1;-1;-1
8-17??Ver2.6;10817;18;1;;0;0;0;-1;-1;0;0;-1;-1;0;0;-1;-1;0;0;-1;-1;0;0;-1;-1;0;-1;-1;0;-1;-1;0;-1;-1;0;-1;-1;-1;-1;-1;-1;-1;-1;-1;-1;-1;-1;-1;-1
8-17??Ver2.2;20817;20;1;;2768;-1;-1;-1;-1;"1,035404624";"0,128251445";"0,331286127";"0,025650289";-1;-1;-1;-1;-1;-1;-1;-1;-1;-1;-1;-1;-1;-1;-1;-1;-1;-1;-1;-1;-1;-1;-1;-1;-1;-1;-1;-1;-1;-1;-1;-1;-1;-1;-1;-1
8-18??Ver2.6;10818;18;1;;0;0;0;-1;-1;0;0;-1;-1;0;0;-1;-1;0;0;-1;-1;0;0;-1;-1;0;-1;-1;0;-1;-1;0;-1;-1;0;-1;-1;-1;-1;-1;-1;-1;-1;-1;-1;-1;-1;-1;-1
8-18??Ver2.2;20818;20;0;1;2145;"0,001398601";"0,01958042";-1;-1;"0,688578089";"0,021445221";-1;-1;0;"0,027505828";-1;-1;0;"0,034498834";-1;-1;"0,000932401";"0,032634033";-1;-1;"0,024708625";-1;-1;"0,018181818";-1;-1;"0,225174825";"0,305361305";-1;-1;-1;-1;-1;-1;-1;-1;-1;-1;-1;-1;-1;-1;-1;-1
8-18??Ver2.6;20818;20;1;;1023;0;"0,021505376";-1;-1;"0,688172043";"0,017595308";-1;-1;0;"0,027370479";-1;-1;0;"0,048875855";-1;-1;"0,002932551";"0,034213099";-1;-1;"0,011730205";-1;-1;"0,014662757";-1;-1;"0,252199413";"0,303030303";-1;"0,016617791";-1;-1;-1;-1;-1;-1;-1;-1;-1;-1;-1;-1;-1;-1
8-19??Ver2.6;10819;18;1;;0;0;0;-1;-1;0;0;-1;-1;0;0;-1;-1;0;0;-1;-1;0;0;-1;-1;0;-1;-1;0;-1;-1;0;-1;-1;0;-1;-1;-1;-1;-1;-1;-1;-1;-1;-1;-1;-1;-1;-1
8-19??Ver2.6;20819;20;1;;0;0;0;-1;-1;0;0;-1;-1;0;0;-1;-1;0;0;-1;-1;0;0;-1;-1;0;-1;-1;0;-1;-1;0;-1;-1;0;-1;-1;-1;-1;-1;-1;-1;-1;-1;-1;-1;-1;-1;-1
8-20??Ver2.6;10820;18;1;;0;0;0;-1;-1;0;0;-1;-1;0;0;-1;-1;0;0;-1;-1;0;0;-1;-1;0;-1;-1;0;-1;-1;0;-1;-1;-1;-1;-1;-1;-1;-1;-1;-1;-1;-1;-1;-1;-1;-1;-1
8-20??Ver2.2;20820;20;0;1;1146;"0,0008726";"0,032286213";-1;-1;"0,022687609";"0,04973822";-1;-1;"0,580279232";"0,356893543";"0,360383944";-1;"0,003490401";"0,078534031";-1;-1;"0,002617801";"0,091623037";-1;-1;"0,038394415";-1;-1;"0,029668412";-1;-1;"0,051483421";-1;-1;-1;-1;-1;-1;-1;-1;-1;-1;-1;-1;-1;-1;-1;-1;-1
8-20??Ver2.6;20820;20;1;;268;"0,02238806";"0,041044776";-1;-1;0;"0,044776119";-1;-1;"0,615671642";"0,317164179";"0,354477612";-1;0;"0,063432836";-1;-1;0;"0,085820896";-1;-1;"0,041044776";-1;-1;"0,037313433";-1;-1;"0,044776119";-1;-1;"0,059701493";-1;-1;-1;-1;-1;-1;-1;-1;-1;-1;-1;-1;-1;-1
8-21??Ver2.2;10821;18;1;;215;0;0;-1;-1;0;0;-1;-1;"0,079069767";0;-1;-1;"0,762790698";"0,162790698";-1;-1;"1,51627907";"0,181395349";-1;-1;0;-1;-1;0;-1;-1;0;-1;-1;-1;-1;-1;"0,56744186";-1;-1;-1;-1;-1;-1;-1;-1;-1;-1;-1
8-21??Ver2.2;20821;20;0;1;907;0;"0,012127894";-1;-1;0;"0,030871003";-1;-1;0;"0,023153252";-1;-1;0;"0,037486218";-1;-1;"0,700110254";"0,029768467";-1;-1;"0,02646086";-1;-1;"0,241455347";"0,297684675";-1;"0,024255788";-1;-1;-1;-1;-1;-1;-1;-1;-1;-1;-1;-1;-1;-1;-1;-1;-1
8-21??Ver2.6;20821;20;1;;36;0;"0,027777778";-1;-1;0;"0,027777778";-1;-1;0;"0,055555556";-1;-1;0;0;-1;-1;"0,75";"0,055555556";-1;-1;"0,055555556";-1;-1;"0,222222222";"0,25";-1;"0,055555556";-1;-1;"0,027777778";-1;-1;-1;-1;-1;-1;-1;-1;-1;-1;-1;-1;-1;-1
9-1??Ver2.6;10901;18;1;;0;-1;0;-1;-1;-1;0;-1;-1;-1;0;-1;-1;-1;0;-1;-1;-1;0;-1;-1;0;-1;-1;0;-1;-1;0;-1;-1;0;-1;-1;-1;-1;-1;-1;-1;-1;-1;-1;-1;-1;-1;-1
9-1??Ver2.6;20901;20;1;;2342;-1;"0,032877882";-1;-1;-1;"0,040563621";-1;-1;"0,648163962";"0,064901793";-1;-1;-1;"0,060631939";-1;-1;-1;"0,075149445";-1;-1;"0,04440649";-1;-1;"0,027327071";-1;-1;"0,030315969";-1;-1;"0,306148591";"0,329205807";-1;-1;-1;-1;-1;-1;-1;-1;-1;-1;-1;-1;-1
9-3??Ver2.6;10903;18;1;;0;-1;0;-1;-1;-1;0;-1;-1;0;0;-1;-1;-1;0;-1;-1;-1;0;-1;-1;0;-1;-1;0;-1;-1;0;-1;-1;0;-1;-1;-1;-1;-1;-1;-1;-1;-1;-1;-1;-1;-1;-1
9-3??Ver2.6;20903;20;1;;981;"0,675840979";"0,205912334";"0,308868502";-1;-1;"0,024464832";-1;-1;-1;"0,032619776";-1;-1;-1;"0,0254842";-1;-1;-1;"0,034658512";-1;-1;"0,02038736";-1;-1;"0,017329256";-1;-1;"0,021406728";-1;-1;"0,032619776";-1;-1;-1;-1;-1;-1;-1;-1;-1;-1;-1;-1;-1;-1
9-5??Ver2.6;10905;18;1;;0;-1;0;-1;-1;-1;0;-1;-1;-1;0;-1;-1;-1;0;-1;-1;-1;0;-1;-1;0;-1;-1;0;-1;-1;0;-1;-1;0;-1;-1;-1;-1;-1;-1;-1;-1;-1;-1;-1;-1;-1;-1
9-5??Ver2.6;20905;20;1;;0;-1;0;-1;-1;-1;0;-1;-1;-1;0;-1;-1;-1;0;-1;-1;-1;0;-1;-1;0;-1;-1;0;-1;-1;0;-1;-1;0;-1;-1;-1;-1;-1;-1;-1;-1;-1;-1;-1;-1;-1;-1
9-6??Ver2.6;10906;18;1;;0;0;0;-1;-1;-1;0;-1;-1;-1;0;-1;-1;-1;0;-1;-1;-1;0;-1;-1;0;-1;-1;0;-1;-1;0;-1;-1;0;-1;-1;-1;-1;-1;-1;-1;-1;-1;-1;-1;-1;-1;-1
9-6??Ver2.6;20906;20;1;;1144;-1;"0,01486014";-1;-1;-1;"0,02534965";-1;-1;-1;"0,021853147";-1;-1;"1,373251748";"0,589160839";"0,382867133";-1;-1;"0,039335664";-1;-1;"0,020104895";-1;-1;"0,020104895";-1;-1;"0,021853147";-1;-1;"0,033216783";-1;-1;-1;-1;-1;-1;-1;-1;-1;-1;-1;-1;-1;-1
9-7??Ver2.6;10907;18;1;;4;-1;"1,25";-1;-1;"0,25";"0,5";-1;-1;-1;0;-1;-1;-1;0;-1;-1;-1;0;-1;-1;0;-1;-1;0;-1;-1;0;-1;-1;0;-1;-1;-1;-1;-1;-1;-1;-1;-1;-1;-1;-1;-1;-1
9-7??Ver2.6;20907;20;1;;996;-1;-1;-1;-1;-1;-1;-1;-1;-1;-1;-1;-1;"0,665662651";"0,389558233";-1;-1;-1;-1;-1;-1;-1;-1;-1;-1;-1;-1;-1;-1;-1;-1;-1;-1;-1;"0,321285141";-1;-1;-1;-1;-1;-1;-1;-1;-1;-1
9-8??Ver2.6;10908;18;1;;0;-1;0;-1;-1;-1;0;-1;-1;-1;0;-1;-1;-1;0;-1;-1;0;0;-1;-1;0;-1;-1;0;-1;-1;0;-1;-1;0;-1;-1;-1;-1;-1;-1;-1;-1;-1;-1;-1;-1;-1;-1
9-8??Ver2.6;20908;20;1;;856;-1;"0,039719626";-1;-1;-1;"0,04088785";-1;-1;-1;"0,056074766";-1;-1;-1;"0,065420561";-1;-1;"0,489485981";"0,559579439";"0,503504673";-1;"0,045560748";-1;-1;"0,026869159";-1;-1;"0,028037383";-1;-1;"0,052570093";-1;-1;-1;-1;-1;-1;-1;-1;-1;-1;-1;-1;-1;-1
9-11??Ver2.6;10911;18;1;;0;-1;0;-1;-1;-1;0;-1;-1;-1;0;-1;-1;-1;0;-1;-1;-1;0;-1;-1;0;-1;-1;0;-1;-1;0;-1;-1;0;-1;-1;-1;-1;-1;-1;-1;-1;-1;-1;-1;-1;-1;-1
9-11??Ver2.6;20911;20;1;;0;-1;0;-1;-1;-1;0;-1;-1;-1;0;-1;-1;-1;0;-1;-1;-1;0;-1;-1;0;-1;-1;0;-1;-1;0;-1;-1;0;-1;-1;-1;-1;-1;-1;-1;-1;-1;-1;-1;-1;-1;-1
9-13??Ver2.6;10913;18;1;;0;-1;0;-1;-1;-1;0;-1;-1;0;0;-1;-1;-1;0;-1;-1;-1;0;-1;-1;0;-1;-1;0;-1;-1;0;-1;-1;0;-1;-1;-1;-1;-1;-1;-1;-1;-1;-1;-1;-1;-1;-1
9-13??Ver2.6;20913;20;1;;1408;-1;"0,028409091";-1;-1;-1;"0,043323864";-1;-1;"0,615056818";"0,327414773";"0,382102273";-1;-1;"0,058948864";-1;-1;-1;"0,073153409";-1;-1;"0,041193182";-1;-1;"0,024147727";-1;-1;"0,034801136";-1;-1;"0,041903409";-1;-1;-1;-1;-1;-1;-1;-1;-1;-1;-1;-1;-1;-1
9-15??Ver2.6;10915;18;1;;0;-1;0;-1;-1;-1;0;-1;-1;0;0;-1;-1;-1;0;-1;-1;-1;0;-1;-1;0;-1;-1;0;-1;-1;0;-1;-1;0;-1;-1;-1;-1;-1;-1;-1;-1;-1;-1;-1;-1;-1;-1
9-15??Ver2.6;20915;20;1;;2499;-1;"0,018407363";-1;-1;"0,671068427";"0,026410564";-1;-1;-1;"0,021608643";-1;-1;-1;"0,032412965";-1;-1;-1;"0,033613445";-1;-1;"0,014005602";"0,323729492";"0,024809924";"0,014405762";-1;-1;"0,018807523";-1;-1;"0,019607843";-1;-1;-1;-1;-1;-1;-1;-1;-1;-1;-1;-1;-1;-1
9-16??Ver2.6;10916;18;1;;0;0;0;-1;-1;-1;0;-1;-1;-1;0;-1;-1;-1;0;-1;-1;-1;0;-1;-1;0;-1;-1;0;-1;-1;0;-1;-1;0;-1;-1;-1;-1;-1;-1;-1;-1;-1;-1;-1;-1;-1;-1
9-16??Ver2.6;20916;20;1;;739;-1;"0,036535859";-1;-1;"0,663058187";"0,288227334";"0,323410014";-1;-1;"0,064952639";-1;-1;-1;"0,066305819";-1;-1;-1;"0,070365359";-1;-1;"0,040595399";-1;-1;"0,046008119";-1;-1;"0,044654939";-1;-1;"0,046008119";-1;-1;-1;-1;-1;-1;-1;-1;-1;-1;-1;-1;-1;-1
9-18??Ver2.6;10918;18;1;;0;-1;0;-1;-1;-1;0;-1;-1;-1;0;-1;-1;-1;0;-1;-1;-1;0;-1;-1;0;-1;-1;0;-1;-1;0;-1;-1;0;-1;-1;-1;-1;-1;-1;-1;-1;-1;-1;-1;-1;-1;-1
9-18??Ver2.6;20918;20;1;;0;-1;0;-1;-1;-1;0;-1;-1;-1;0;-1;-1;-1;0;-1;-1;-1;0;-1;-1;0;-1;-1;0;-1;-1;0;-1;-1;0;-1;-1;-1;-1;-1;-1;-1;-1;-1;-1;-1;-1;-1;-1
10-2??Ver2.8;11002;18;1;;0;-1;0;-1;-1;-1;0;-1;-1;-1;0;-1;-1;-1;0;-1;-1;-1;0;-1;-1;0;-1;-1;0;-1;-1;0;-1;-1;0;-1;-1;-1;-1;-1;-1;-1;-1;-1;-1;-1;-1;-1;-1
10-2??Ver2.8;21002;20;1;;1812;0;-1;-1;-1;0;-1;-1;-1;"0,681567329";"0,305187638";-1;-1;0;-1;-1;-1;0;-1;-1;-1;-1;-1;-1;-1;-1;-1;-1;-1;-1;-1;-1;-1;-1;-1;-1;-1;-1;-1;-1;-1;"0,313465784";-1;-1;-1
10-4??Ver2.8;11004;18;1;;0;-1;0;-1;-1;-1;0;-1;-1;-1;0;-1;-1;-1;0;-1;-1;0;0;-1;-1;0;-1;-1;0;-1;-1;0;-1;-1;0;-1;-1;-1;-1;-1;-1;-1;-1;-1;-1;-1;-1;-1;-1
10-4??Ver2.8;21004;20;1;;546;0;"0,018315018";-1;-1;"0,633699634";"0,043956044";-1;-1;0;"0,027472527";-1;-1;0;"0,036630037";-1;-1;0;"0,02014652";-1;-1;"0,278388278";"0,315018315";-1;"0,02014652";-1;-1;"0,02014652";-1;-1;"0,021978022";-1;-1;-1;-1;-1;-1;-1;-1;-1;-1;-1;-1;-1;-1
10-6??Ver2.8;11006;18;1;;1;-1;0;-1;-1;-1;0;-1;-1;-1;0;-1;-1;-1;1;-1;-1;-1;0;-1;-1;0;-1;-1;0;-1;-1;0;-1;-1;0;-1;-1;-1;-1;-1;-1;-1;-1;-1;-1;-1;-1;-1;-1
10-6??Ver2.8;21006;20;1;;1284;0;"0,015576324";-1;-1;0;"0,020249221";-1;-1;0;"0,034267913";-1;-1;0;"0,03271028";-1;-1;"0,421339564";"0,539719626";"0,574766355";-1;"0,018691589";-1;-1;"0,017912773";-1;-1;"0,012461059";-1;-1;"0,027258567";-1;-1;-1;-1;-1;-1;-1;-1;-1;-1;-1;-1;-1;-1
10-7??Ver2.8;11007;18;1;;1;-1;0;-1;-1;-1;0;-1;-1;1;0;-1;-1;-1;0;-1;-1;-1;0;-1;-1;0;-1;-1;0;-1;-1;0;-1;-1;0;-1;-1;-1;-1;-1;-1;-1;-1;-1;-1;-1;-1;-1;-1
10-7??Ver2.8;21007;20;1;;0;-1;0;-1;-1;-1;0;-1;-1;-1;0;-1;-1;-1;0;-1;-1;-1;0;-1;-1;0;-1;-1;0;-1;-1;0;-1;-1;0;-1;-1;-1;-1;-1;-1;-1;-1;-1;-1;-1;-1;-1;-1
10-9??Ver2.8;11009;18;1;;1;-1;0;-1;-1;1;0;-1;-1;-1;0;-1;-1;-1;1;-1;-1;1;1;-1;-1;0;-1;-1;0;-1;-1;0;-1;-1;0;-1;-1;-1;-1;-1;-1;-1;-1;-1;-1;-1;-1;-1;-1
10-9??Ver2.8;21009;20;1;;1692;0;"0,017730496";-1;-1;0;"0,016548463";-1;-1;0;"0,03427896";-1;-1;"0,481678487";"0,403073286";"0,486997636";-1;0;"0,040189125";-1;-1;"0,01713948";-1;-1;"0,019503546";-1;-1;"0,022458629";-1;-1;"0,055555556";-1;-1;-1;-1;-1;-1;-1;-1;-1;-1;-1;-1;-1;-1
10-13??Ver2.8;11013;18;1;;0;-1;0;-1;-1;-1;0;-1;-1;-1;0;-1;-1;-1;0;-1;-1;-1;0;-1;-1;0;-1;-1;0;-1;-1;0;-1;-1;0;-1;-1;-1;-1;-1;-1;-1;-1;-1;-1;-1;-1;-1;-1
10-13??Ver2.8;21013;20;1;;2346;0;"0,014066496";-1;-1;"0,017476556";"0,017476556";-1;-1;"0,534526854";"0,33887468";"0,448849105";-1;"0,002983802";"0,027706735";-1;-1;"0,000852515";"0,037510656";-1;-1;"0,02344416";-1;-1;"0,011508951";-1;-1;"0,017050298";-1;-1;"0,021312873";-1;-1;-1;-1;-1;-1;-1;-1;-1;-1;-1;-1;-1;-1
10-17??Ver2.8;11017;18;1;;0;-1;0;-1;-1;-1;0;-1;-1;-1;0;-1;-1;-1;0;-1;-1;-1;0;-1;-1;0;-1;-1;0;-1;-1;0;-1;-1;0;-1;-1;-1;-1;-1;-1;-1;-1;-1;-1;-1;-1;-1;-1
10-17??Ver2.8;21017;20;1;;993;"0,684793555";"0,216515609";"0,3081571";-1;0;"0,019133938";-1;-1;0;"0,023162135";-1;-1;0;"0,028197382";-1;-1;0;"0,033232628";-1;-1;"0,014098691";-1;-1;"0,01611279";-1;-1;"0,020140987";-1;-1;"0,019133938";-1;-1;-1;-1;-1;-1;-1;-1;-1;-1;-1;-1;-1;-1
10-19??Ver2.8;11019;18;1;;0;0;0;-1;-1;0;0;-1;-1;0;0;-1;-1;0;0;-1;-1;0;0;-1;-1;0;-1;-1;0;-1;-1;0;-1;-1;0;-1;-1;-1;-1;-1;-1;-1;-1;-1;-1;-1;-1;-1;-1
10-19??Ver2.8;21019;20;1;;1145;0;"0,036681223";-1;-1;0;"0,041921397";-1;-1;"0,666375546";"0,041048035";-1;-1;0;"0,053275109";-1;-1;0;"0,077729258";-1;-1;"0,037554585";-1;-1;"0,027074236";-1;-1;"0,03930131";-1;-1;"0,274235808";"0,32139738";-1;-1;-1;-1;-1;-1;-1;-1;-1;-1;-1;-1;-1
10-21??Ver2.8;11021;18;1;;1;0;0;-1;-1;0;0;-1;-1;0;0;-1;-1;0;0;-1;-1;0;0;-1;-1;0;-1;-1;0;-1;-1;1;-1;-1;1;-1;-1;-1;-1;-1;-1;-1;-1;-1;-1;-1;-1;-1;-1
10-21??Ver2.8;21021;20;1;;0;0;0;-1;-1;0;0;-1;-1;0;0;-1;-1;0;0;-1;-1;0;0;-1;-1;0;-1;-1;0;-1;-1;0;-1;-1;0;-1;-1;-1;-1;-1;-1;-1;-1;-1;-1;-1;-1;-1;-1
10-22??Ver2.8;11022;18;1;;0;-1;0;-1;-1;-1;0;-1;-1;-1;0;-1;-1;-1;0;-1;-1;-1;0;-1;-1;0;-1;-1;0;-1;-1;0;-1;-1;0;-1;-1;-1;-1;-1;-1;-1;-1;-1;-1;-1;-1;-1;-1
10-22??Ver2.8;21022;20;1;;3408;0;-1;-1;-1;0;-1;-1;-1;0;-1;-1;-1;"0,750586854";"0,188086854";-1;-1;"0,6907277";-1;-1;-1;-1;-1;-1;-1;"0,305751174";"0,017605634";-1;-1;-1;-1;-1;-1;-1;-1;-1;-1;-1;-1;-1;-1;-1;-1;-1;-1
11-2??Ver3.0;11102;20;1;;0;-1;0;-1;-1;-1;0;-1;-1;-1;0;-1;-1;-1;0;-1;-1;-1;0;-1;-1;0;-1;-1;0;-1;-1;0;-1;-1;0;-1;-1;-1;-1;-1;-1;-1;-1;-1;-1;-1;-1;-1;-1
11-2??Ver3.0;21102;25;1;;301;"0,03654485";-1;-1;-1;"1,003322259";"0,392026578";"0,42192691";-1;"0,069767442";-1;-1;-1;"0,059800664";-1;-1;-1;"0,142857143";-1;-1;-1;-1;-1;-1;-1;-1;-1;-1;-1;-1;-1;-1;-1;-1;-1;-1;-1;-1;-1;-1;-1;-1;-1;-1;-1
11-4??Ver3.0;11104;20;1;;0;-1;0;-1;-1;-1;0;-1;-1;-1;0;-1;-1;-1;0;-1;-1;-1;0;-1;-1;0;-1;-1;0;-1;-1;0;-1;-1;0;-1;-1;-1;-1;-1;-1;-1;-1;-1;-1;-1;-1;-1;-1
11-4??Ver3.0;21104;25;1;;0;-1;0;-1;-1;-1;0;-1;-1;-1;0;-1;-1;-1;0;-1;-1;-1;0;-1;-1;0;-1;-1;0;-1;-1;0;-1;-1;0;-1;-1;-1;-1;-1;-1;-1;-1;-1;-1;-1;-1;-1;-1
11-5??Ver3.0;11105;20;1;;0;-1;0;-1;-1;-1;0;-1;-1;-1;0;-1;-1;-1;0;-1;-1;-1;0;-1;-1;0;-1;-1;0;-1;-1;0;-1;-1;0;-1;-1;-1;-1;-1;-1;-1;-1;-1;-1;-1;-1;-1;-1
11-5??Ver3.0;21105;25;1;;1312;0;"0,018292683";-1;-1;0;"0,016006098";-1;-1;0;"0,022865854";-1;-1;"0,535823171";"0,416920732";-1;-1;0;"0,044969512";-1;-1;"0,015243902";-1;-1;"0,013719512";-1;-1;"0,012957317";-1;-1;"0,041158537";-1;-1;-1;"0,451219512";-1;-1;-1;-1;-1;-1;-1;-1;-1;-1
11-9??Ver3.0;11109;20;1;;0;-1;0;-1;-1;-1;-1;-1;-1;0;0;-1;-1;-1;-1;-1;-1;-1;-1;-1;-1;-1;-1;-1;-1;-1;-1;-1;-1;-1;-1;-1;-1;-1;-1;-1;-1;-1;-1;-1;-1;-1;-1;-1;-1
11-9??Ver3.0;21109;25;1;;626;"0,638977636";"0,231629393";"0,362619808";-1;0;"0,041533546";-1;-1;0;"0,047923323";-1;-1;0;"0,065495208";-1;-1;0;"0,068690096";-1;-1;"0,020766773";-1;-1;"0,023961661";-1;-1;"0,044728435";-1;-1;"0,051118211";-1;-1;-1;-1;-1;-1;-1;-1;-1;-1;-1;-1;-1;-1
11-11??Ver3.0;11111;20;1;;0;-1;0;-1;-1;-1;0;-1;-1;-1;0;-1;-1;-1;0;-1;-1;-1;0;-1;-1;0;-1;-1;0;-1;-1;0;-1;-1;0;-1;-1;-1;-1;-1;-1;-1;-1;-1;-1;-1;-1;-1;-1
11-11??Ver3.0;21111;25;1;;593;0;"0,023608769";-1;-1;0;"0,040472175";-1;-1;0;"0,055649241";-1;-1;"0,396290051";"0,384485666";"0,598650927";-1;"0,003372681";"0,064080944";-1;-1;"0,043844857";-1;-1;"0,023608769";-1;-1;"0,035413153";-1;-1;"0,037099494";-1;-1;-1;-1;-1;-1;-1;-1;-1;-1;-1;-1;-1;-1
11-18??Ver3.0;11118;20;1;;10;-1;"0,2";-1;-1;-1;0;-1;-1;-1;0;-1;-1;"1,5";"1,4";-1;-1;-1;"0,1";-1;-1;0;-1;-1;0;-1;-1;"0,1";-1;-1;0;-1;-1;-1;-1;-1;-1;-1;-1;-1;-1;-1;-1;-1;-1
11-18??Ver3.0;21118;25;1;;161;0;-1;-1;-1;0;-1;-1;-1;0;-1;-1;-1;"0,770186335";"0,192546584";-1;-1;"0,639751553";-1;-1;-1;-1;-1;-1;"0,248447205";"0,360248447";-1;-1;-1;-1;-1;-1;-1;-1;-1;-1;-1;-1;-1;-1;-1;-1;-1;-1;-1
11-19??Ver3.0;11119;20;1;;0;-1;0;-1;-1;-1;0;-1;-1;-1;0;-1;-1;-1;0;-1;-1;-1;0;-1;-1;0;-1;-1;0;-1;-1;0;-1;-1;0;-1;-1;-1;-1;-1;-1;-1;-1;-1;-1;-1;-1;-1;-1
11-19??Ver3.0;21119;25;1;;531;"0,001883239";"0,033898305";-1;-1;"0,561205273";"0,039548023";-1;-1;0;"0,037664783";-1;-1;"0,003766478";"0,060263653";-1;-1;"0,003766478";"0,071563089";-1;-1;"0,263653484";"0,423728814";-1;"0,026365348";-1;-1;"0,020715631";-1;-1;"0,048964218";-1;-1;-1;-1;-1;-1;-1;-1;-1;-1;-1;-1;-1;-1
11-20??Ver3.0;11120;20;1;;0;0;0;-1;-1;-1;0;-1;-1;-1;0;-1;-1;-1;0;-1;-1;-1;0;-1;-1;0;-1;-1;0;-1;-1;0;-1;-1;0;-1;-1;0;-1;-1;-1;-1;-1;-1;-1;-1;-1;-1;-1
11-20??Ver3.0;21120;25;1;;913;"0,002190581";"0,024096386";-1;-1;0;"0,038335159";-1;-1;"0,429353779";"0,3483023";"0,549835706";-1;0;"0,051478642";-1;-1;0;"0,08762322";-1;-1;"0,032858708";-1;-1;"0,047097481";-1;-1;"0,032858708";-1;-1;"0,049288061";-1;-1;-1;-1;-1;-1;-1;-1;-1;-1;-1;-1;-1;-1
11-21??Ver3.0;11121;20;1;;0;-1;0;-1;-1;-1;0;-1;-1;-1;0;-1;-1;-1;0;-1;-1;-1;0;-1;-1;0;-1;-1;0;-1;-1;0;-1;-1;0;-1;-1;-1;-1;-1;-1;-1;-1;-1;-1;-1;-1;-1;-1
11-21??Ver3.0;21121;25;1;;1822;"0,31064764";"0,086169045";-1;-1;"0,619648738";-1;-1;-1;"0,002744237";-1;-1;-1;0;-1;-1;-1;0;-1;-1;-1;-1;-1;-1;-1;-1;-1;-1;"0,388035126";"0,017563117";-1;-1;-1;-1;-1;-1;-1;-1;-1;-1;-1;-1;-1;-1;-1
11-22??Ver3.0;11122;20;1;;0;-1;0;-1;-1;0;0;-1;-1;-1;0;-1;-1;-1;0;-1;-1;-1;0;-1;-1;0;-1;-1;0;-1;-1;0;-1;-1;0;-1;-1;-1;-1;-1;-1;-1;-1;-1;-1;-1;-1;-1;-1
11-22??Ver3.0;21122;25;1;;0;-1;0;-1;-1;-1;0;-1;-1;-1;0;-1;-1;-1;0;-1;-1;-1;0;-1;-1;0;-1;-1;0;-1;-1;0;-1;-1;0;-1;-1;-1;-1;-1;-1;-1;-1;-1;-1;-1;-1;-1;-1
